{
  "run_dir": "results/glm4_dewrap_join_pilot100_20260705",
  "mode": "cot_v3b_len132_tight",
  "tokenizer": "THUDM/glm-4-9b-chat-hf",
  "firms": 100,
  "chunks": 1638,
  "descriptives": {
    "Chunk_num": {
      "n": 1638,
      "mean": 18.967032967032967,
      "std": 7.027662410905153,
      "p25": 14.0,
      "median": 18.0,
      "p75": 23.0,
      "min": 2.0,
      "max": 36.0
    },
    "Text_len": {
      "n": 1638,
      "mean": 3796.935286935287,
      "std": 539.5508693225248,
      "p25": 3878.0,
      "median": 3966.5,
      "p75": 3989.0,
      "min": 61.0,
      "max": 3999.0
    },
    "Summary_len_proxy": {
      "n": 1638,
      "mean": 131.506105006105,
      "std": 28.944994903494287,
      "p25": 115.0,
      "median": 132.0,
      "p75": 150.0,
      "min": 26.0,
      "max": 240.0
    },
    "Summary_len_glm4": {
      "n": 1638,
      "mean": 158.42796092796092,
      "std": 36.30653280901096,
      "p25": 137.0,
      "median": 159.0,
      "p75": 182.0,
      "min": 31.0,
      "max": 281.0
    },
    "Redundancy_chunk_proxy": {
      "n": 1638,
      "mean": 30.46131769125266,
      "std": 9.50181675379961,
      "p25": 25.39885114885115,
      "median": 29.034064168053725,
      "p75": 33.563025210084035,
      "min": 1.855421686746988,
      "max": 97.1219512195122
    },
    "Redundancy_chunk_glm4": {
      "n": 1638,
      "mean": 25.39305597118872,
      "std": 8.230774765839868,
      "p25": 20.94008587041374,
      "median": 24.173780487804876,
      "p75": 27.95387112887113,
      "min": 1.5714285714285714,
      "max": 75.30188679245283
    },
    "Relevant_score": {
      "n": 1638,
      "mean": 2.300685012043302,
      "std": 0.5596027308017691,
      "p25": 2.0,
      "median": 2.35078125,
      "p75": 2.6335346638655466,
      "min": 0.5151515151515151,
      "max": 4.0
    },
    "innovation_rate_all_union": {
      "n": 1638,
      "mean": 34.81662644187933,
      "std": 25.61560476699049,
      "p25": 16.10671382459343,
      "median": 29.109611556227456,
      "p75": 47.863678484789126,
      "min": 0.0,
      "max": 185.13603185136031
    },
    "innovation_rate_without_target": {
      "n": 1638,
      "mean": 15.950043406019825,
      "std": 11.722003738932852,
      "p25": 7.2018018018018015,
      "median": 13.262593121047598,
      "p75": 21.72819878702232,
      "min": 0.0,
      "max": 76.9741207697412
    }
  },
  "firm_descriptives": {
    "lnN_tech": {
      "n": 100,
      "mean": 10.942237240735862,
      "std": 0.4850340599306227,
      "p25": 10.745158124259792,
      "median": 10.987315886165506,
      "p75": 11.19388687136287,
      "min": 8.798152718107191,
      "max": 11.83570437445944
    },
    "Redundancy_proxy": {
      "n": 100,
      "mean": 28.675236855842037,
      "std": 2.480578192190922,
      "p25": 27.41309075430603,
      "median": 28.767157249778826,
      "p75": 30.604521005862733,
      "min": 19.751648351648353,
      "max": 34.1144578313253
    },
    "Redundancy_glm4": {
      "n": 100,
      "mean": 23.882218183048895,
      "std": 2.139503159537,
      "p25": 22.714333175725535,
      "median": 23.81258423742579,
      "p75": 25.253558842622645,
      "min": 16.520220588235293,
      "max": 29.40470372632865
    }
  },
  "proxy": {
    "red_col": "Redundancy_chunk_proxy",
    "panel_b_spearman": {
      "n": 1638,
      "rho": -0.370797160916995,
      "p": 1.5102315383099905e-54
    },
    "panel_b_hc1": {
      "n": 1638,
      "coef": -7.121973666444243,
      "t": -13.166178933836473,
      "p": 1.3737637871338671e-39
    },
    "panel_b_cluster": {
      "n": 1638,
      "coef": -7.121973666444243,
      "t": -10.018524847692946,
      "p": 1.2637500912596725e-23
    },
    "panel_b_low_high_by_median": {
      "median_score": 2.35078125,
      "low_n": 819,
      "high_n": 819,
      "low_median": 31.125,
      "high_median": 27.53956834532374
    },
    "panel_b_low_high_by_2": {
      "low_n": 406,
      "high_n": 1232,
      "low_median": 34.9953007518797,
      "high_median": 27.779584756328944
    },
    "panel_c_spearman": {
      "n": 1638,
      "rho": 0.08635769791507342,
      "p": 0.00046708177777909476
    },
    "panel_c_hc1": {
      "n": 1638,
      "coef": 0.12074151308503372,
      "t": 3.5297115632909013,
      "p": 0.0004160129418360555
    },
    "panel_c_cluster": {
      "n": 1638,
      "coef": 0.12074151308503372,
      "t": 3.00412105762433,
      "p": 0.0026634932324441575
    },
    "panel_c_w99_cluster": {
      "n": 1638,
      "coef": 0.11752660990058361,
      "t": 3.0647565520500137,
      "p": 0.0021784724383815913
    },
    "panel_d_all_union_spearman": {
      "n": 1638,
      "rho": -0.2253306267561242,
      "p": 2.6652203749137678e-20
    },
    "panel_d_all_union_hc1": {
      "n": 1638,
      "coef": -0.109925776555577,
      "t": -12.816528605416226,
      "p": 1.3250111943006981e-37
    },
    "panel_d_all_union_cluster": {
      "n": 1638,
      "coef": -0.109925776555577,
      "t": -8.971025321056304,
      "p": 2.937669100541451e-19
    },
    "panel_d_without_target_spearman": {
      "n": 1638,
      "rho": -0.1805266980854582,
      "p": 1.8213233091090433e-13
    },
    "panel_d_without_target_hc1": {
      "n": 1638,
      "coef": -0.1794905886278748,
      "t": -8.613306586568418,
      "p": 7.098293394135727e-18
    },
    "panel_d_without_target_cluster": {
      "n": 1638,
      "coef": -0.1794905886278748,
      "t": -6.121875383232588,
      "p": 9.248034183725783e-10
    }
  },
  "glm4": {
    "red_col": "Redundancy_chunk_glm4",
    "panel_b_spearman": {
      "n": 1638,
      "rho": -0.3897215203406235,
      "p": 1.5122909063192213e-60
    },
    "panel_b_hc1": {
      "n": 1638,
      "coef": -6.593117331640833,
      "t": -13.690512542391218,
      "p": 1.1569030801479267e-42
    },
    "panel_b_cluster": {
      "n": 1638,
      "coef": -6.593117331640833,
      "t": -10.982755831394805,
      "p": 4.625927016514427e-28
    },
    "panel_b_low_high_by_median": {
      "median_score": 2.35078125,
      "low_n": 819,
      "high_n": 819,
      "low_median": 26.00735294117647,
      "high_median": 22.78735632183908
    },
    "panel_b_low_high_by_2": {
      "low_n": 406,
      "high_n": 1232,
      "low_median": 29.488888888888887,
      "high_median": 23.049821084503165
    },
    "panel_c_spearman": {
      "n": 1638,
      "rho": 0.05786925983552731,
      "p": 0.01916673824934022
    },
    "panel_c_hc1": {
      "n": 1638,
      "coef": 0.07287534125967887,
      "t": 2.488019830186442,
      "p": 0.012845657022543491
    },
    "panel_c_cluster": {
      "n": 1638,
      "coef": 0.07287534125967887,
      "t": 1.9227474903360224,
      "p": 0.05451176951098619
    },
    "panel_c_w99_cluster": {
      "n": 1638,
      "coef": 0.07204005621375947,
      "t": 1.949198297495201,
      "p": 0.05127174821330892
    },
    "panel_d_all_union_spearman": {
      "n": 1638,
      "rho": -0.18313368897626517,
      "p": 8.054794324052969e-14
    },
    "panel_d_all_union_hc1": {
      "n": 1638,
      "coef": -0.08317975759511206,
      "t": -11.385716759779402,
      "p": 4.926151812744633e-30
    },
    "panel_d_all_union_cluster": {
      "n": 1638,
      "coef": -0.08317975759511206,
      "t": -8.477227002399346,
      "p": 2.3062469670217636e-17
    },
    "panel_d_without_target_spearman": {
      "n": 1638,
      "rho": -0.1612042751002355,
      "p": 5.2992550106802195e-11
    },
    "panel_d_without_target_hc1": {
      "n": 1638,
      "coef": -0.1391262511887694,
      "t": -7.816540723110898,
      "p": 5.4294758074373845e-15
    },
    "panel_d_without_target_cluster": {
      "n": 1638,
      "coef": -0.1391262511887694,
      "t": -5.74351053278066,
      "p": 9.273359267834387e-09
    }
  }
}