metric,glm_mean,codex_mean,paper_mean,glm_median,codex_median
Summary_len_proxy,125.371875,127.15625,132.678,122.0,128.0
Redundancy_chunk_proxy,33.446394280072205,31.027319487283272,32.176,31.397637795275593,
Relevant_score,2.0975945560473823,2.2428316902589325,,1.824074074074074,2.2958733974358974
