{
  "mode": "cot_v3b_scoregate_targeted_full_2019_2023",
  "firm_n": 50,
  "chunk_n": 654,
  "text_len": {
    "n": 654,
    "mean": 3768.137614678899,
    "std": 543.7325816888424,
    "p25": 3813.0,
    "median": 3941.0,
    "p75": 3982.0,
    "min": 95.0,
    "max": 4000.0
  },
  "summary_len": {
    "n": 654,
    "mean": 109.43577981651376,
    "std": 33.41677973823864,
    "p25": 91.0,
    "median": 111.5,
    "p75": 131.0,
    "min": 7.0,
    "max": 199.0
  },
  "redundancy_chunk": {
    "n": 654,
    "mean": 41.92087348385533,
    "std": 36.65351553679017,
    "p25": 28.360442081117714,
    "median": 34.08974358974359,
    "p75": 41.69787775891341,
    "min": 1.6379310344827587,
    "max": 571.0
  },
  "relevant_score": {
    "n": 654,
    "mean": 2.245430991889723,
    "std": 0.5477889816305059,
    "p25": 1.888456937799043,
    "median": 2.2799843219231777,
    "p75": 2.6802884615384612,
    "min": 0.9885057471264368,
    "max": 3.453488372093023
  },
  "firm_redundancy": {
    "n": 50,
    "mean": 35.09838692237732,
    "std": 5.998908033573799,
    "p25": 31.746407845917876,
    "median": 34.3729415105054,
    "p75": 37.49798993089139,
    "min": 25.69811320754717,
    "max": 55.005181347150256
  },
  "panel_b_spearman": {
    "n": 654,
    "rho": -0.6093620952038776,
    "p": 9.913662641856544e-68
  },
  "panel_b_ols_hc1": {
    "n": 654,
    "coef": -32.55199401474387,
    "t": -7.725210913793351,
    "p": 1.1166829129318753e-14
  },
  "panel_b_ols_cluster": {
    "n": 654,
    "coef": -32.55199401474387,
    "t": -5.620737110712356,
    "p": 1.9014442591842963e-08
  },
  "panel_b_low_high_by_median": {
    "median_score": 2.2799843219231777,
    "low_median_redundancy": 39.34,
    "high_median_redundancy": 29.616541353383457
  },
  "panel_b_low_high_by_2": {
    "low_lt_2_median_redundancy": 46.214285714285715,
    "high_ge_2_median_redundancy": 31.048387096774192
  },
  "panel_c_raw_hc1": {
    "n": 654,
    "coef": -0.12682143748014996,
    "t": -0.32314987532080564,
    "p": 0.7465817396967902
  },
  "panel_c_raw_cluster": {
    "n": 654,
    "coef": -0.12682143748014996,
    "t": -0.24483172610189005,
    "p": 0.8065867274851706
  },
  "panel_c_drop_p99_cluster": {
    "n": 647,
    "coef": 0.19562528676805457,
    "t": 0.9078370280819046,
    "p": 0.3639643319123128
  },
  "panel_c_spearman": {
    "n": 654,
    "rho": 0.04310461239333626,
    "p": 0.2710118376118506
  },
  "panel_d_all_union_hc1": {
    "n": 654,
    "coef": -0.23233250427004712,
    "t": -7.190703095513603,
    "p": 6.445851587673099e-13
  },
  "panel_d_all_union_cluster": {
    "n": 654,
    "coef": -0.23233250427004712,
    "t": -4.200451205221589,
    "p": 2.6638357561864392e-05
  },
  "panel_d_all_union_spearman": {
    "n": 654,
    "rho": -0.25798197877961554,
    "p": 2.1046078635391532e-11
  },
  "panel_d_without_target_hc1": {
    "n": 654,
    "coef": -0.3949319816373005,
    "t": -6.037025521722164,
    "p": 1.5698090300492944e-09
  },
  "panel_d_without_target_cluster": {
    "n": 654,
    "coef": -0.3949319816373005,
    "t": -3.49767558927201,
    "p": 0.00046933164779093344
  },
  "panel_d_without_target_spearman": {
    "n": 654,
    "rho": -0.18148375823696689,
    "p": 2.9955297857000735e-06
  }
}