{
  "mode": "cot_v3b_len132_tight",
  "firm_n": 50,
  "chunk_n": 654,
  "text_len": {
    "n": 654,
    "mean": 3768.137614678899,
    "std": 543.7325816888424,
    "p25": 3813.0,
    "median": 3941.0,
    "p75": 3982.0,
    "min": 95.0,
    "max": 4000.0
  },
  "summary_len": {
    "n": 654,
    "mean": 126.53058103975535,
    "std": 27.447092035840466,
    "p25": 112.0,
    "median": 127.0,
    "p75": 142.0,
    "min": 43.0,
    "max": 222.0
  },
  "redundancy_chunk": {
    "n": 654,
    "mean": 31.431296287402436,
    "std": 9.823362077176172,
    "p25": 26.46,
    "median": 30.380355823688745,
    "p75": 34.6763198757764,
    "min": 1.9,
    "max": 83.31914893617021
  },
  "relevant_score": {
    "n": 654,
    "mean": 2.239969148886589,
    "std": 0.582435231315653,
    "p25": 1.8904739838474778,
    "median": 2.293218390804598,
    "p75": 2.6518349889624724,
    "min": 0.2046783625730994,
    "max": 3.702702702702702
  },
  "firm_redundancy": {
    "n": 50,
    "mean": 29.93315715982189,
    "std": 2.7232644011077216,
    "p25": 27.927525279562218,
    "median": 29.73809420447146,
    "p75": 32.03873355099192,
    "min": 24.56044637321761,
    "max": 37.29154929577465
  },
  "panel_b_spearman": {
    "n": 654,
    "rho": -0.5475435806990502,
    "p": 1.978322512939552e-52
  },
  "panel_b_ols_hc1": {
    "n": 654,
    "coef": -9.592448577467367,
    "t": -13.033039674587561,
    "p": 7.938108974978417e-39
  },
  "panel_b_ols_cluster": {
    "n": 654,
    "coef": -9.592448577467367,
    "t": -11.643477676843263,
    "p": 2.47705224517361e-31
  },
  "panel_b_low_high_by_median": {
    "median_score": 2.293218390804598,
    "low_median_redundancy": 33.14529914529915,
    "high_median_redundancy": 28.056338028169016
  },
  "panel_b_low_high_by_2": {
    "low_lt_2_median_redundancy": 36.5188679245283,
    "high_ge_2_median_redundancy": 28.661654135338345
  },
  "panel_c_raw_hc1": {
    "n": 654,
    "coef": 0.051795883301665624,
    "t": 0.4939938890873998,
    "p": 0.6213104952230275
  },
  "panel_c_raw_cluster": {
    "n": 654,
    "coef": 0.051795883301665624,
    "t": 0.43032598696145985,
    "p": 0.6669585260313853
  },
  "panel_c_drop_p99_cluster": {
    "n": 647,
    "coef": 0.048975804424980285,
    "t": 0.43836475571779915,
    "p": 0.6611218909641985
  },
  "panel_c_spearman": {
    "n": 654,
    "rho": 0.020159504342023214,
    "p": 0.6068230574608373
  },
  "panel_d_all_union_hc1": {
    "n": 654,
    "coef": -0.1243853256601094,
    "t": -11.714172456946667,
    "p": 1.0783905337644983e-31
  },
  "panel_d_all_union_cluster": {
    "n": 654,
    "coef": -0.1243853256601094,
    "t": -9.536948239208503,
    "p": 1.470972197929576e-21
  },
  "panel_d_all_union_spearman": {
    "n": 654,
    "rho": -0.3524772583075388,
    "p": 1.4469925768111995e-20
  },
  "panel_d_without_target_hc1": {
    "n": 654,
    "coef": -0.22155297383391534,
    "t": -9.22334893133139,
    "p": 2.8796290794011366e-20
  },
  "panel_d_without_target_cluster": {
    "n": 654,
    "coef": -0.22155297383391534,
    "t": -7.203062419219062,
    "p": 5.887500389797384e-13
  },
  "panel_d_without_target_spearman": {
    "n": 654,
    "rho": -0.2983757668029842,
    "p": 6.485773661724763e-15
  }
}