{
  "mode": "cot_v3b_len132_bounded",
  "firm_n": 2,
  "chunk_n": 32,
  "text_len": {
    "n": 32,
    "mean": 3756.21875,
    "std": 464.12704979000546,
    "p25": 3825.5,
    "median": 3915.0,
    "p75": 3962.25,
    "min": 2058.0,
    "max": 3992.0
  },
  "summary_len": {
    "n": 32,
    "mean": 150.625,
    "std": 21.78450174158299,
    "p25": 136.0,
    "median": 146.0,
    "p75": 164.25,
    "min": 96.0,
    "max": 212.0
  },
  "redundancy_chunk": {
    "n": 32,
    "mean": 25.43748067913658,
    "std": 4.946889899569731,
    "p25": 23.37338593974175,
    "median": 24.696647859276467,
    "p75": 28.268890801001252,
    "min": 13.38993710691824,
    "max": 40.46875
  },
  "relevant_score": {
    "n": 32,
    "mean": 2.1864551837844566,
    "std": 0.5677772908909736,
    "p25": 1.5970394736842104,
    "median": 2.3565934065934067,
    "p75": 2.6047008547008543,
    "min": 1.144578313253012,
    "max": 3.0
  },
  "firm_redundancy": {
    "n": 2,
    "mean": 24.922215383724712,
    "std": 0.7919794201340835,
    "p25": 24.64220837445621,
    "median": 24.922215383724712,
    "p75": 25.202222392993214,
    "min": 24.362201365187712,
    "max": 25.482229402261712
  },
  "panel_b_spearman": {
    "n": 32,
    "rho": -0.25073313782991197,
    "p": 0.16631037036879434
  },
  "panel_b_ols_hc1": {
    "n": 32,
    "coef": -2.332293560085148,
    "t": -1.3417215060279863,
    "p": 0.17968631123270917
  },
  "panel_b_ols_cluster": {
    "n": 32,
    "coef": -2.332293560085148,
    "t": -0.8688386722120587,
    "p": 0.38493537748589635
  },
  "panel_b_low_high_by_median": {
    "median_score": 2.3565934065934067,
    "low_median_redundancy": 25.166945373467115,
    "high_median_redundancy": 24.306097282484586
  },
  "panel_b_low_high_by_2": {
    "low_lt_2_median_redundancy": 24.5625,
    "high_ge_2_median_redundancy": 25.70344827586207
  },
  "panel_c_raw_hc1": {
    "n": 32,
    "coef": 0.6663283206586266,
    "t": 0.7653603556455829,
    "p": 0.44405699313789704
  },
  "panel_c_raw_cluster": {
    "n": 32,
    "coef": 0.6663283206586266,
    "t": 12112926965215.33,
    "p": 0.0
  },
  "panel_c_drop_p99_cluster": {
    "n": 31,
    "coef": 0.21612249190095056,
    "t": 3457725083249.8,
    "p": 0.0
  },
  "panel_c_spearman": {
    "n": 32,
    "rho": 0.09834464527472733,
    "p": 0.5923120487747832
  },
  "panel_d_all_union_hc1": {
    "n": 32,
    "coef": -0.07672486636686753,
    "t": -3.5784820235524037,
    "p": 0.00034559563386625454
  },
  "panel_d_all_union_cluster": {
    "n": 32,
    "coef": -0.07672486636686753,
    "t": -32.577461396062084,
    "p": 8.554685021849951e-233
  },
  "panel_d_all_union_spearman": {
    "n": 32,
    "rho": -0.4087243401759531,
    "p": 0.020201221130270647
  },
  "panel_d_without_target_hc1": {
    "n": 32,
    "coef": -0.1929379034758409,
    "t": -2.752975889122439,
    "p": 0.0059056245416684895
  },
  "panel_d_without_target_cluster": {
    "n": 32,
    "coef": -0.1929379034758409,
    "t": -7.302756490065627,
    "p": 2.819311632038813e-13
  },
  "panel_d_without_target_spearman": {
    "n": 32,
    "rho": -0.32661290322580644,
    "p": 0.06807725649865362
  }
}