metric,glm_mean,codex_mean,paper_mean,glm_median,codex_median
Summary_len_proxy,121.91588785046729,132.4361370716511,132.678,119.0,132.0
Redundancy_chunk_proxy,33.83238619727778,30.430324177083772,32.176,32.51219512195122,
Relevant_score,2.102224984274379,2.3287398127288985,,1.8076923076923077,2.3536585365853657
