metric,glm_mean,codex_mean,paper_mean,glm_median,codex_median
Summary_len_proxy,120.33910034602076,134.10726643598616,132.678,117.0,135.0
Redundancy_chunk_proxy,33.61177826900181,29.689409589458826,32.176,33.016806722689076,
Relevant_score,2.058427530965473,2.3181008470913125,,1.8377192982456139,2.4166666666666665
