metric,glm_mean,codex_mean,paper_mean,glm_median,codex_median
Summary_len_proxy,121.07446808510639,132.44414893617022,132.678,119.0,133.0
Redundancy_chunk_proxy,34.479903122808174,30.140806829556613,32.176,32.40650406504065,
Relevant_score,2.048149670414885,2.3718806708514464,,1.7459677419354838,2.409307359307359
