measure,B_rho,B_p,low_median_by_score_median,high_median_by_score_median,low_lt2_median,high_ge2_median,C_cluster_coef,C_cluster_p,D_cluster_coef,D_cluster_p
proxy denominator,-0.42565942922316613,0.0,31.758064516129032,27.43448275862069,35.36283185840708,28.06338028169014,0.1269714711847809,9.339358584559246e-08,-0.11163070594914497,5.544558474349896e-166
GLM4 denominator,-0.4328559028149576,0.0,26.4,22.65340909090909,29.791044776119403,23.169590643274855,0.08571360365819641,7.986062365624092e-05,-0.08756052454074188,8.017022447532784e-148
