{
  "run_dir": "results/glm4_dewrap_join_first_batch25_20260706",
  "mode": "cot_v3b_len132_tight",
  "tokenizer": "THUDM/glm-4-9b-chat-hf",
  "firms": 25,
  "chunks": 410,
  "descriptives": {
    "Chunk_num": {
      "n": 410,
      "mean": 17.814634146341465,
      "std": 5.161431208028699,
      "p25": 15.0,
      "median": 16.0,
      "p75": 22.75,
      "min": 9.0,
      "max": 27.0
    },
    "Text_len": {
      "n": 410,
      "mean": 3809.609756097561,
      "std": 573.6125805538286,
      "p25": 3908.75,
      "median": 3974.0,
      "p75": 3989.0,
      "min": 358.0,
      "max": 3999.0
    },
    "Summary_len_proxy": {
      "n": 410,
      "mean": 122.41707317073171,
      "std": 23.43975686054944,
      "p25": 108.0,
      "median": 122.0,
      "p75": 137.0,
      "min": 57.0,
      "max": 201.0
    },
    "Summary_len_glm4": {
      "n": 410,
      "mean": 146.37317073170732,
      "std": 30.157528745640434,
      "p25": 127.25,
      "median": 146.0,
      "p75": 165.0,
      "min": 61.0,
      "max": 248.0
    },
    "Redundancy_chunk_proxy": {
      "n": 410,
      "mean": 32.27830024464112,
      "std": 8.565749256736025,
      "p25": 27.99483230317155,
      "median": 31.721047619047617,
      "p75": 36.20454545454545,
      "min": 3.849462365591398,
      "max": 70.10526315789474
    },
    "Redundancy_chunk_glm4": {
      "n": 410,
      "mean": 27.18039959169156,
      "std": 7.834377255830821,
      "p25": 23.27110745614035,
      "median": 26.630573687597682,
      "p75": 30.364503816793892,
      "min": 3.3773584905660377,
      "max": 65.50819672131148
    },
    "Relevant_score": {
      "n": 410,
      "mean": 2.3714764771618713,
      "std": 0.5480960969702114,
      "p25": 2.07804114490161,
      "median": 2.4560862865947612,
      "p75": 2.758466297622925,
      "min": 0.9857142857142858,
      "max": 3.9454545454545458
    },
    "innovation_rate_all_union": {
      "n": 410,
      "mean": 36.88086794298468,
      "std": 25.80050126140907,
      "p25": 17.322790007611886,
      "median": 32.48639755685157,
      "p75": 49.57921080369204,
      "min": 0.5861664712778428,
      "max": 140.82145850796311
    },
    "innovation_rate_without_target": {
      "n": 410,
      "mean": 16.118587450080522,
      "std": 11.040766145887568,
      "p25": 7.827197995794445,
      "median": 13.740168556591005,
      "p75": 21.012244815092615,
      "min": 0.250689395838556,
      "max": 55.322715842414084
    }
  },
  "firm_descriptives": {
    "lnN_tech": {
      "n": 25,
      "mean": 10.997404376090026,
      "std": 0.3061736933176541,
      "p25": 10.846829089886597,
      "median": 11.013517741515043,
      "p75": 11.11396912877489,
      "min": 10.383750870719478,
      "max": 11.558949903281508
    },
    "Redundancy_proxy": {
      "n": 25,
      "mean": 31.35079635839462,
      "std": 3.2218890546981247,
      "p25": 29.393322014714204,
      "median": 31.35333333333333,
      "p75": 33.30342205323194,
      "min": 24.134892086330936,
      "max": 38.18840579710145
    },
    "Redundancy_glm4": {
      "n": 25,
      "mean": 26.26564974857221,
      "std": 2.831663141778563,
      "p25": 24.292797006548177,
      "median": 26.416103603603602,
      "p75": 27.718673817649925,
      "min": 20.344147968465737,
      "max": 31.447041272998508
    }
  },
  "proxy": {
    "red_col": "Redundancy_chunk_proxy",
    "panel_b_spearman": {
      "n": 410,
      "rho": -0.5126007466004899,
      "p": 7.514710247331155e-29
    },
    "panel_b_hc1": {
      "n": 410,
      "coef": -8.342241652832023,
      "t": -10.224632058100834,
      "p": 1.538109395735243e-24
    },
    "panel_b_cluster": {
      "n": 410,
      "coef": -8.342241652832023,
      "t": -9.383245346791261,
      "p": 6.397269517950324e-21
    },
    "panel_b_low_high_by_median": {
      "median_score": 2.4560862865947612,
      "low_n": 205,
      "high_n": 205,
      "low_median": 34.53913043478261,
      "high_median": 29.45925925925926
    },
    "panel_b_low_high_by_2": {
      "low_n": 89,
      "high_n": 321,
      "low_median": 36.642201834862384,
      "high_median": 30.282442748091604
    },
    "panel_c_spearman": {
      "n": 410,
      "rho": 0.027154814190151585,
      "p": 0.5835096229007176
    },
    "panel_c_hc1": {
      "n": 410,
      "coef": 0.11122735300400194,
      "t": 1.4884369385055853,
      "p": 0.13663570120436025
    },
    "panel_c_cluster": {
      "n": 410,
      "coef": 0.11122735300400194,
      "t": 1.1146102613443054,
      "p": 0.265017471165062
    },
    "panel_c_w99_cluster": {
      "n": 410,
      "coef": 0.11287369281987686,
      "t": 1.1400415321684214,
      "p": 0.2542689985867741
    },
    "panel_d_all_union_spearman": {
      "n": 410,
      "rho": -0.20935706100202742,
      "p": 1.9228424464312087e-05
    },
    "panel_d_all_union_hc1": {
      "n": 410,
      "coef": -0.09979758468588132,
      "t": -5.265787151216322,
      "p": 1.3958994167693808e-07
    },
    "panel_d_all_union_cluster": {
      "n": 410,
      "coef": -0.09979758468588132,
      "t": -6.328454495102678,
      "p": 2.4762885884560125e-10
    },
    "panel_d_without_target_spearman": {
      "n": 410,
      "rho": -0.15414501310422368,
      "p": 0.0017456909763145048
    },
    "panel_d_without_target_hc1": {
      "n": 410,
      "coef": -0.1846013828403415,
      "t": -4.357587283664632,
      "p": 1.3150406131050285e-05
    },
    "panel_d_without_target_cluster": {
      "n": 410,
      "coef": -0.1846013828403415,
      "t": -4.654659528078899,
      "p": 3.2451649947518207e-06
    }
  },
  "glm4": {
    "red_col": "Redundancy_chunk_glm4",
    "panel_b_spearman": {
      "n": 410,
      "rho": -0.515772317975106,
      "p": 3.0231652070906046e-29
    },
    "panel_b_hc1": {
      "n": 410,
      "coef": -7.729663871631409,
      "t": -9.458646058456262,
      "p": 3.1195621441353446e-21
    },
    "panel_b_cluster": {
      "n": 410,
      "coef": -7.729663871631409,
      "t": -8.39656921559956,
      "p": 4.597127943742491e-17
    },
    "panel_b_low_high_by_median": {
      "median_score": 2.4560862865947612,
      "low_n": 205,
      "high_n": 205,
      "low_median": 29.0,
      "high_median": 24.069182389937108
    },
    "panel_b_low_high_by_2": {
      "low_n": 89,
      "high_n": 321,
      "low_median": 31.133858267716537,
      "high_median": 25.259493670886076
    },
    "panel_c_spearman": {
      "n": 410,
      "rho": 0.011744086367120156,
      "p": 0.8125933443957349
    },
    "panel_c_hc1": {
      "n": 410,
      "coef": 0.08668467516924687,
      "t": 1.266586335608125,
      "p": 0.20530324089811336
    },
    "panel_c_cluster": {
      "n": 410,
      "coef": 0.08668467516924687,
      "t": 0.8733109785599973,
      "p": 0.38249359815461237
    },
    "panel_c_w99_cluster": {
      "n": 410,
      "coef": 0.08969196058899613,
      "t": 0.9099156686318605,
      "p": 0.36286698583680743
    },
    "panel_d_all_union_spearman": {
      "n": 410,
      "rho": -0.16141796325029809,
      "p": 0.0010379945711330428
    },
    "panel_d_all_union_hc1": {
      "n": 410,
      "coef": -0.07717849776800761,
      "t": -4.643350344878655,
      "p": 3.428043251930754e-06
    },
    "panel_d_all_union_cluster": {
      "n": 410,
      "coef": -0.07717849776800761,
      "t": -5.3491736473282225,
      "p": 8.835673467674232e-08
    },
    "panel_d_without_target_spearman": {
      "n": 410,
      "rho": -0.10655495016259597,
      "p": 0.03099547973645267
    },
    "panel_d_without_target_hc1": {
      "n": 410,
      "coef": -0.13867577220463184,
      "t": -3.7502949792214,
      "p": 0.00017662666861369166
    },
    "panel_d_without_target_cluster": {
      "n": 410,
      "coef": -0.13867577220463184,
      "t": -3.888566355364423,
      "p": 0.00010083810271471915
    }
  }
}