{
  "mode": "cot_v3b_scoregate_targeted_full_2019_2023",
  "firm_n": 543,
  "chunk_n": 7028,
  "text_len": {
    "n": 7028,
    "mean": 3758.1937962435973,
    "std": 588.750499784152,
    "p25": 3825.0,
    "median": 3940.0,
    "p75": 3981.0,
    "min": 13.0,
    "max": 4000.0
  },
  "summary_len": {
    "n": 7028,
    "mean": 109.21058622652248,
    "std": 31.893296225948113,
    "p25": 92.0,
    "median": 112.0,
    "p75": 130.0,
    "min": 6.0,
    "max": 216.0
  },
  "redundancy_chunk": {
    "n": 7028,
    "mean": 40.14820778968839,
    "std": 28.487579318495317,
    "p25": 28.888293904518328,
    "median": 34.0940170940171,
    "p75": 41.49453503485762,
    "min": 1.6379310344827587,
    "max": 571.0
  },
  "relevant_score": {
    "n": 7028,
    "mean": 2.2212012939370407,
    "std": 0.5319534084525798,
    "p25": 1.8783783783783785,
    "median": 2.265723892405063,
    "p75": 2.6153846153846154,
    "min": 0.0,
    "max": 4.0
  },
  "firm_redundancy": {
    "n": 543,
    "mean": 34.73243406405664,
    "std": 4.4416417950481595,
    "p25": 31.780536595455487,
    "median": 34.288328387734914,
    "p75": 37.34700050130897,
    "min": 25.43166023166023,
    "max": 55.005181347150256
  },
  "panel_b_spearman": {
    "n": 7028,
    "rho": -0.5966225925434436,
    "p": 0.0
  },
  "panel_b_ols_hc1": {
    "n": 7028,
    "coef": -28.444181319177154,
    "t": -28.696974404969822,
    "p": 4.1617603391294887e-181
  },
  "panel_b_ols_cluster": {
    "n": 7028,
    "coef": -28.444181319177154,
    "t": -22.27977896409247,
    "p": 5.804361013144107e-110
  },
  "panel_b_low_high_by_median": {
    "median_score": 2.265723892405063,
    "low_median_redundancy": 39.749368686868685,
    "high_median_redundancy": 30.452113916617733
  },
  "panel_b_low_high_by_2": {
    "low_lt_2_median_redundancy": 45.896551724137936,
    "high_ge_2_median_redundancy": 31.666666666666668
  },
  "panel_c_raw_hc1": {
    "n": 7028,
    "coef": 0.1195236177520167,
    "t": 1.6038636040421124,
    "p": 0.10874412092257082
  },
  "panel_c_raw_cluster": {
    "n": 7028,
    "coef": 0.1195236177520167,
    "t": 1.3341858029717455,
    "p": 0.18214297112308142
  },
  "panel_c_drop_p99_cluster": {
    "n": 6957,
    "coef": 0.15380785266350772,
    "t": 2.7879983024801485,
    "p": 0.005303482170092913
  },
  "panel_c_spearman": {
    "n": 7028,
    "rho": 0.05233200847661765,
    "p": 1.1367148649056697e-05
  },
  "panel_d_all_union_hc1": {
    "n": 7028,
    "coef": -0.1848646848602846,
    "t": -24.02905514097426,
    "p": 1.382345597996498e-127
  },
  "panel_d_all_union_cluster": {
    "n": 7028,
    "coef": -0.1848646848602846,
    "t": -18.01959547953458,
    "p": 1.3673964969603885e-72
  },
  "panel_d_all_union_spearman": {
    "n": 7028,
    "rho": -0.2360617323271544,
    "p": 1.334372184667276e-89
  },
  "panel_d_without_target_hc1": {
    "n": 7028,
    "coef": -0.29588689146116287,
    "t": -16.42280188262499,
    "p": 1.313583250314967e-60
  },
  "panel_d_without_target_cluster": {
    "n": 7028,
    "coef": -0.29588689146116287,
    "t": -12.621558769856835,
    "p": 1.6061034267451486e-36
  },
  "panel_d_without_target_spearman": {
    "n": 7028,
    "rho": -0.1742406651299617,
    "p": 4.9950076998824035e-49
  }
}