{
  "mode": "cot_v3b_len132_tight",
  "firm_n": 543,
  "chunk_n": 7028,
  "text_len": {
    "n": 7028,
    "mean": 3758.1937962435973,
    "std": 588.750499784152,
    "p25": 3825.0,
    "median": 3940.0,
    "p75": 3981.0,
    "min": 13.0,
    "max": 4000.0
  },
  "summary_len": {
    "n": 7028,
    "mean": 128.25270347182698,
    "std": 26.95723201393539,
    "p25": 112.0,
    "median": 128.0,
    "p75": 146.0,
    "min": 20.0,
    "max": 268.0
  },
  "redundancy_chunk": {
    "n": 7028,
    "mean": 30.70798514258686,
    "std": 9.220848594779593,
    "p25": 26.11842105263158,
    "median": 29.954716336295284,
    "p75": 34.40959191456903,
    "min": 0.6190476190476191,
    "max": 86.5
  },
  "relevant_score": {
    "n": 7028,
    "mean": 2.2529326886920815,
    "std": 0.5692133221896959,
    "p25": 1.9110119047619047,
    "median": 2.310960960960961,
    "p75": 2.6451612903225805,
    "min": 0.0,
    "max": 4.111111111111111
  },
  "firm_redundancy": {
    "n": 543,
    "mean": 29.37420026132719,
    "std": 2.826395820216695,
    "p25": 27.436117875771693,
    "median": 29.217469879518074,
    "p75": 31.22816996182287,
    "min": 21.70406905055487,
    "max": 39.53265306122449
  },
  "panel_b_spearman": {
    "n": 7028,
    "rho": -0.49659314747999517,
    "p": 0.0
  },
  "panel_b_ols_hc1": {
    "n": 7028,
    "coef": -8.05971920875577,
    "t": -36.107540830084496,
    "p": 1.727094421608659e-285
  },
  "panel_b_ols_cluster": {
    "n": 7028,
    "coef": -8.05971920875577,
    "t": -30.166991789808264,
    "p": 6.421721588656775e-200
  },
  "panel_b_low_high_by_median": {
    "median_score": 2.310960960960961,
    "low_median_redundancy": 32.67356557377049,
    "high_median_redundancy": 27.572920183265012
  },
  "panel_b_low_high_by_2": {
    "low_lt_2_median_redundancy": 35.234234234234236,
    "high_ge_2_median_redundancy": 28.3
  },
  "panel_c_raw_hc1": {
    "n": 7028,
    "coef": 0.15270549084901155,
    "t": 5.480737342640244,
    "p": 4.23556893324505e-08
  },
  "panel_c_raw_cluster": {
    "n": 7028,
    "coef": 0.15270549084901155,
    "t": 4.028722521281163,
    "p": 5.608076316574404e-05
  },
  "panel_c_drop_p99_cluster": {
    "n": 6957,
    "coef": 0.12463355813720478,
    "t": 3.876146527865953,
    "p": 0.00010612379070678106
  },
  "panel_c_spearman": {
    "n": 7028,
    "rho": 0.07744012838182901,
    "p": 7.996849956880461e-11
  },
  "panel_d_all_union_hc1": {
    "n": 7028,
    "coef": -0.11090382492440698,
    "t": -33.46215337826885,
    "p": 1.7132564678207824e-245
  },
  "panel_d_all_union_cluster": {
    "n": 7028,
    "coef": -0.11090382492440698,
    "t": -29.228290687226725,
    "p": 8.477483338432399e-188
  },
  "panel_d_all_union_spearman": {
    "n": 7028,
    "rho": -0.28697852544494745,
    "p": 2.4744701609927405e-133
  },
  "panel_d_without_target_hc1": {
    "n": 7028,
    "coef": -0.17426535890413675,
    "t": -21.516407946751613,
    "p": 1.0931007379531793e-102
  },
  "panel_d_without_target_cluster": {
    "n": 7028,
    "coef": -0.17426535890413675,
    "t": -15.731021254559801,
    "p": 9.270371162606536e-56
  },
  "panel_d_without_target_spearman": {
    "n": 7028,
    "rho": -0.228744043132237,
    "p": 4.212470068147743e-84
  }
}