measure,B_rho,B_p,low_median_by_score_median,high_median_by_score_median,low_lt2_median,high_ge2_median,C_cluster_coef,C_cluster_p,D_cluster_coef,D_cluster_p
proxy denominator,-0.4258484291383956,0.0,31.738095238095237,27.42142857142857,35.336283185840706,28.035211267605632,0.13185876210462366,2.5199489150309295e-08,-0.1117674420381125,2.09667083972219e-170
GLM4 denominator,-0.4332055506770732,0.0,26.375408388520974,22.64327485380117,29.67910447761194,23.13953488372093,0.09050854190108062,2.8665315960899728e-05,-0.08781245927396907,4.349953920169554e-152
