metric,glm_mean,codex_mean,paper_mean,glm_median,codex_median
Summary_len_proxy,123.55131964809384,130.9384164222874,132.678,122.0,132.0
Redundancy_chunk_proxy,33.005637720826805,30.10330863306691,32.176,31.41732283464567,
Relevant_score,2.078166928566577,2.3286795339693764,,1.7903225806451613,2.3855421686746987
