{
  "run_dir": "results/siliconflow_glm4_32b_pilot5_20260707",
  "mode": "cot_v3b_len132_tight",
  "tokenizer": "THUDM/glm-4-9b-chat-hf",
  "firms": 5,
  "chunks": 78,
  "descriptives": {
    "Chunk_num": {
      "n": 78,
      "mean": 15.948717948717949,
      "std": 2.340481890093465,
      "p25": 13.0,
      "median": 16.0,
      "p75": 17.0,
      "min": 13.0,
      "max": 19.0
    },
    "Text_len": {
      "n": 78,
      "mean": 3819.7948717948716,
      "std": 530.4022330312429,
      "p25": 3896.75,
      "median": 3963.0,
      "p75": 3988.0,
      "min": 154.0,
      "max": 3999.0
    },
    "Summary_len_proxy": {
      "n": 78,
      "mean": 131.73076923076923,
      "std": 44.01023289418723,
      "p25": 105.0,
      "median": 127.5,
      "p75": 145.75,
      "min": 55.0,
      "max": 373.0
    },
    "Summary_len_glm4": {
      "n": 78,
      "mean": 150.15384615384616,
      "std": 50.76661059445225,
      "p25": 122.25,
      "median": 141.0,
      "p75": 162.0,
      "min": 66.0,
      "max": 432.0
    },
    "Redundancy_chunk_proxy": {
      "n": 78,
      "mean": 30.74464502609659,
      "std": 8.127306986319407,
      "p25": 26.661073825503358,
      "median": 30.658012820512823,
      "p75": 36.41536697247706,
      "min": 2.8,
      "max": 57.128571428571426
    },
    "Redundancy_chunk_glm4": {
      "n": 78,
      "mean": 26.976318891889296,
      "std": 7.041927442344508,
      "p25": 22.888432237369685,
      "median": 27.19887403237157,
      "p75": 31.64307662761667,
      "min": 2.3333333333333335,
      "max": 46.5
    },
    "Relevant_score": {
      "n": 77,
      "mean": 2.084510935366777,
      "std": 0.9019612073833992,
      "p25": 1.5806451612903225,
      "median": 1.7884615384615383,
      "p75": 2.196969696969697,
      "min": 0.913793103448276,
      "max": 4.444444444444445
    },
    "innovation_rate_all_union": {
      "n": 78,
      "mean": 32.62370092818286,
      "std": 19.936386667080757,
      "p25": 18.42557829093492,
      "median": 31.24204000342817,
      "p75": 43.669269729816236,
      "min": 0.0,
      "max": 101.46295422369042
    },
    "innovation_rate_without_target": {
      "n": 78,
      "mean": 14.610277786780784,
      "std": 10.019703948690276,
      "p25": 7.452906941419798,
      "median": 12.566010240271968,
      "p75": 19.806450528698758,
      "min": 0.0,
      "max": 47.49612803304078
    }
  },
  "firm_descriptives": {
    "lnN_tech": {
      "n": 5,
      "mean": 10.985472182433266,
      "std": 0.15647824660509843,
      "p25": 10.832615533211776,
      "median": 11.019055281853651,
      "p75": 11.054755540430035,
      "min": 10.82689291529569,
      "max": 11.194041641375183
    },
    "Redundancy_proxy": {
      "n": 5,
      "mean": 29.153919540921102,
      "std": 1.4677878406887856,
      "p25": 28.197661469933184,
      "median": 28.75761709868122,
      "p75": 29.281190019193858,
      "min": 27.925470610833653,
      "max": 31.60765850596359
    },
    "Redundancy_glm4": {
      "n": 5,
      "mean": 25.447283469862413,
      "std": 1.0044915726513512,
      "p25": 25.064605628220374,
      "median": 25.32752613240418,
      "p75": 25.940752189592992,
      "min": 24.10423607805807,
      "max": 26.799297321036452
    }
  },
  "proxy": {
    "red_col": "Redundancy_chunk_proxy",
    "panel_b_spearman": {
      "n": 77,
      "rho": -0.15892403108534456,
      "p": 0.16742216253696496
    },
    "panel_b_hc1": {
      "n": 77,
      "coef": -2.446480292922854,
      "t": -1.812867286748445,
      "p": 0.06985229285252269
    },
    "panel_b_cluster": {
      "n": 77,
      "coef": -2.446480292922854,
      "t": -1.3380890531176683,
      "p": 0.1808674088124168
    },
    "panel_b_low_high_by_median": {
      "median_score": 1.7884615384615383,
      "low_n": 39,
      "high_n": 38,
      "low_median": 31.121739130434783,
      "high_median": 29.826896787423102
    },
    "panel_b_low_high_by_2": {
      "low_n": 48,
      "high_n": 29,
      "low_median": 30.281439393939394,
      "high_median": 30.70769230769231
    },
    "panel_c_spearman": {
      "n": 78,
      "rho": -0.02882067867061154,
      "p": 0.802216302724021
    },
    "panel_c_hc1": {
      "n": 78,
      "coef": -0.10556137314040698,
      "t": -0.25023967422453136,
      "p": 0.8024020054266398
    },
    "panel_c_cluster": {
      "n": 78,
      "coef": -0.10556137314040698,
      "t": -0.3845771399364475,
      "p": 0.7005507335854696
    },
    "panel_c_w99_cluster": {
      "n": 78,
      "coef": -0.14462546589039216,
      "t": -0.5717353645008393,
      "p": 0.5675012720256591
    },
    "panel_d_all_union_spearman": {
      "n": 78,
      "rho": -0.20373426405814532,
      "p": 0.07359914174676574
    },
    "panel_d_all_union_hc1": {
      "n": 78,
      "coef": -0.07385506579699835,
      "t": -1.4360182912481536,
      "p": 0.15099713652150193
    },
    "panel_d_all_union_cluster": {
      "n": 78,
      "coef": -0.07385506579699835,
      "t": -1.037427792262646,
      "p": 0.29953653148683024
    },
    "panel_d_without_target_spearman": {
      "n": 78,
      "rho": -0.08607902274494414,
      "p": 0.45364760326736986
    },
    "panel_d_without_target_hc1": {
      "n": 78,
      "coef": -0.04332799474270921,
      "t": -0.37187794973333566,
      "p": 0.7099837232042285
    },
    "panel_d_without_target_cluster": {
      "n": 78,
      "coef": -0.04332799474270921,
      "t": -0.3136160217459431,
      "p": 0.7538126894582063
    }
  },
  "glm4": {
    "red_col": "Redundancy_chunk_glm4",
    "panel_b_spearman": {
      "n": 77,
      "rho": -0.18371854850920474,
      "p": 0.10973146788647119
    },
    "panel_b_hc1": {
      "n": 77,
      "coef": -2.492899720042171,
      "t": -2.1793975656172186,
      "p": 0.02930214682851447
    },
    "panel_b_cluster": {
      "n": 77,
      "coef": -2.492899720042171,
      "t": -1.5661053783464873,
      "p": 0.11732394919345839
    },
    "panel_b_low_high_by_median": {
      "median_score": 1.7884615384615383,
      "low_n": 39,
      "high_n": 38,
      "low_median": 28.404761904761905,
      "high_median": 26.426596737632785
    },
    "panel_b_low_high_by_2": {
      "low_n": 48,
      "high_n": 29,
      "low_median": 27.28162494095418,
      "high_median": 26.43708609271523
    },
    "panel_c_spearman": {
      "n": 78,
      "rho": 0.07109711545710218,
      "p": 0.5362072262106107
    },
    "panel_c_hc1": {
      "n": 78,
      "coef": 0.21430932345210874,
      "t": 0.5972654499728881,
      "p": 0.5503301678027381
    },
    "panel_c_cluster": {
      "n": 78,
      "coef": 0.21430932345210874,
      "t": 1.3064832065532652,
      "p": 0.191388286276571
    },
    "panel_c_w99_cluster": {
      "n": 78,
      "coef": 0.217708268033793,
      "t": 1.466610586043966,
      "p": 0.14248201863639645
    },
    "panel_d_all_union_spearman": {
      "n": 78,
      "rho": -0.2045928754789514,
      "p": 0.07236728206042481
    },
    "panel_d_all_union_hc1": {
      "n": 78,
      "coef": -0.056344686675241853,
      "t": -1.2872257039366433,
      "p": 0.1980156306358447
    },
    "panel_d_all_union_cluster": {
      "n": 78,
      "coef": -0.056344686675241853,
      "t": -0.9087050893433547,
      "p": 0.36350581701907725
    },
    "panel_d_without_target_spearman": {
      "n": 78,
      "rho": -0.09328646037506796,
      "p": 0.4165876029844342
    },
    "panel_d_without_target_hc1": {
      "n": 78,
      "coef": -0.038576428588686276,
      "t": -0.3960560675626896,
      "p": 0.6920636668675778
    },
    "panel_d_without_target_cluster": {
      "n": 78,
      "coef": -0.038576428588686276,
      "t": -0.3087947912839796,
      "p": 0.7574776315986909
    }
  }
}