metric,glm_mean,codex_mean,paper_mean,glm_median,codex_median
Summary_len_proxy,131.73076923076923,134.52564102564102,132.678,127.5,133.0
Redundancy_chunk_proxy,30.74464502609659,29.232215054487813,32.176,30.658012820512823,
Relevant_score,2.084510935366777,2.3911668895734897,,1.7884615384615383,2.4574314574314577
