{
  "mode": "cot_v3b_len132_tight",
  "firm_n": 200,
  "chunk_n": 2689,
  "text_len": {
    "n": 2689,
    "mean": 3761.9687616214205,
    "std": 568.4220238854987,
    "p25": 3812.0,
    "median": 3939.0,
    "p75": 3980.0,
    "min": 19.0,
    "max": 4000.0
  },
  "summary_len": {
    "n": 2689,
    "mean": 126.46857567869097,
    "std": 26.979486769415942,
    "p25": 111.0,
    "median": 126.0,
    "p75": 143.0,
    "min": 20.0,
    "max": 268.0
  },
  "redundancy_chunk": {
    "n": 2689,
    "mean": 31.264115943215067,
    "std": 9.48047953793532,
    "p25": 26.492957746478872,
    "median": 30.453125,
    "p75": 34.892857142857146,
    "min": 0.95,
    "max": 83.31914893617021
  },
  "relevant_score": {
    "n": 2689,
    "mean": 2.236890500792946,
    "std": 0.5699726709235012,
    "p25": 1.8928571428571428,
    "median": 2.3013698630136985,
    "p75": 2.6311475409836067,
    "min": 0.0,
    "max": 4.111111111111111
  },
  "firm_redundancy": {
    "n": 200,
    "mean": 29.822763152044327,
    "std": 2.86138845768836,
    "p25": 27.782663061144937,
    "median": 29.57293577981651,
    "p75": 31.619167135403533,
    "min": 23.213947190250508,
    "max": 39.53265306122449
  },
  "panel_b_spearman": {
    "n": 2689,
    "rho": -0.5046721883854218,
    "p": 9.232723230416895e-174
  },
  "panel_b_ols_hc1": {
    "n": 2689,
    "coef": -8.663316790806979,
    "t": -22.96252336053047,
    "p": 1.1047165649972887e-116
  },
  "panel_b_ols_cluster": {
    "n": 2689,
    "coef": -8.663316790806979,
    "t": -18.92948858015397,
    "p": 6.519219335136109e-80
  },
  "panel_b_low_high_by_median": {
    "median_score": 2.3013698630136985,
    "low_median_redundancy": 33.291666666666664,
    "high_median_redundancy": 28.097803237334453
  },
  "panel_b_low_high_by_2": {
    "low_lt_2_median_redundancy": 36.013513513513516,
    "high_ge_2_median_redundancy": 28.693430656934307
  },
  "panel_c_raw_hc1": {
    "n": 2689,
    "coef": 0.12834169946139395,
    "t": 2.701767888321315,
    "p": 0.006897189326253768
  },
  "panel_c_raw_cluster": {
    "n": 2689,
    "coef": 0.12834169946139395,
    "t": 1.8386466211985393,
    "p": 0.06596717930725035
  },
  "panel_c_drop_p99_cluster": {
    "n": 2662,
    "coef": 0.12119707567527681,
    "t": 1.8764666553217824,
    "p": 0.06059122926724738
  },
  "panel_c_spearman": {
    "n": 2689,
    "rho": 0.062156613927657284,
    "p": 0.001260667606434747
  },
  "panel_d_all_union_hc1": {
    "n": 2689,
    "coef": -0.10699478301494386,
    "t": -19.877031959670973,
    "p": 6.43284544375914e-88
  },
  "panel_d_all_union_cluster": {
    "n": 2689,
    "coef": -0.10699478301494386,
    "t": -16.022981970378318,
    "p": 8.831161371281714e-58
  },
  "panel_d_all_union_spearman": {
    "n": 2689,
    "rho": -0.2838086624527585,
    "p": 5.421486409684409e-51
  },
  "panel_d_without_target_hc1": {
    "n": 2689,
    "coef": -0.15953809084703696,
    "t": -12.525925621931323,
    "p": 5.385930393159871e-36
  },
  "panel_d_without_target_cluster": {
    "n": 2689,
    "coef": -0.15953809084703696,
    "t": -8.3528344260462,
    "p": 6.664404082173726e-17
  },
  "panel_d_without_target_spearman": {
    "n": 2689,
    "rho": -0.22627446110166666,
    "p": 1.458086917547851e-32
  }
}