{
  "mode": "cot_v3b_scoregate_targeted_full_2019_2023",
  "firm_n": 200,
  "chunk_n": 2689,
  "text_len": {
    "n": 2689,
    "mean": 3761.9687616214205,
    "std": 568.4220238854987,
    "p25": 3812.0,
    "median": 3939.0,
    "p75": 3980.0,
    "min": 19.0,
    "max": 4000.0
  },
  "summary_len": {
    "n": 2689,
    "mean": 109.31684641130532,
    "std": 32.953046767205834,
    "p25": 91.0,
    "median": 112.0,
    "p75": 131.0,
    "min": 7.0,
    "max": 213.0
  },
  "redundancy_chunk": {
    "n": 2689,
    "mean": 40.91237537507389,
    "std": 31.2417822615122,
    "p25": 28.683823529411764,
    "median": 34.10434782608696,
    "p75": 41.76086956521739,
    "min": 1.6379310344827587,
    "max": 571.0
  },
  "relevant_score": {
    "n": 2689,
    "mean": 2.233715411896282,
    "std": 0.5450857927126236,
    "p25": 1.8888888888888888,
    "median": 2.263888888888889,
    "p75": 2.641025641025641,
    "min": 0.0,
    "max": 3.5535714285714284
  },
  "firm_redundancy": {
    "n": 200,
    "mean": 34.791524654636774,
    "std": 5.061555150473618,
    "p25": 31.731046325680985,
    "median": 34.423312934075284,
    "p75": 37.537892484990685,
    "min": 25.69811320754717,
    "max": 55.005181347150256
  },
  "panel_b_spearman": {
    "n": 2689,
    "rho": -0.6010791627750235,
    "p": 6.72920861618427e-264
  },
  "panel_b_ols_hc1": {
    "n": 2689,
    "coef": -30.330301678965007,
    "t": -17.56612866646794,
    "p": 4.4770056391424034e-69
  },
  "panel_b_ols_cluster": {
    "n": 2689,
    "coef": -30.330301678965007,
    "t": -12.391896057041123,
    "p": 2.8912555539747095e-35
  },
  "panel_b_low_high_by_median": {
    "median_score": 2.263888888888889,
    "low_median_redundancy": 39.69,
    "high_median_redundancy": 30.29032258064516
  },
  "panel_b_low_high_by_2": {
    "low_lt_2_median_redundancy": 46.38095238095238,
    "high_ge_2_median_redundancy": 31.583128078817737
  },
  "panel_c_raw_hc1": {
    "n": 2689,
    "coef": 0.16515608352242134,
    "t": 1.109902586873877,
    "p": 0.26704100566113487
  },
  "panel_c_raw_cluster": {
    "n": 2689,
    "coef": 0.16515608352242134,
    "t": 0.8044173200875404,
    "p": 0.4211560016507654
  },
  "panel_c_drop_p99_cluster": {
    "n": 2662,
    "coef": 0.2341405674110863,
    "t": 2.1003054823624083,
    "p": 0.035701977318097995
  },
  "panel_c_spearman": {
    "n": 2689,
    "rho": 0.09291633996125091,
    "p": 1.3899995558911568e-06
  },
  "panel_d_all_union_hc1": {
    "n": 2689,
    "coef": -0.18554556464799601,
    "t": -13.391737990177692,
    "p": 6.758060516209662e-41
  },
  "panel_d_all_union_cluster": {
    "n": 2689,
    "coef": -0.18554556464799601,
    "t": -9.142979888103039,
    "p": 6.075469294092056e-20
  },
  "panel_d_all_union_spearman": {
    "n": 2689,
    "rho": -0.22807362556794453,
    "p": 4.54440916073265e-33
  },
  "panel_d_without_target_hc1": {
    "n": 2689,
    "coef": -0.2703175695537421,
    "t": -8.991547914727327,
    "p": 2.4377257640990684e-19
  },
  "panel_d_without_target_cluster": {
    "n": 2689,
    "coef": -0.2703175695537421,
    "t": -6.456357043405205,
    "p": 1.0725340028938657e-10
  },
  "panel_d_without_target_spearman": {
    "n": 2689,
    "rho": -0.15210130186426127,
    "p": 2.194801719664859e-15
  }
}