metric,glm_mean,codex_mean,paper_mean,glm_median,codex_median
Summary_len_proxy,124.49511400651465,132.0814332247557,132.678,121.0,133.0
Redundancy_chunk_proxy,33.82848410080915,30.4597244396567,32.176,31.901639344262296,
Relevant_score,1.9988225106274267,2.297537193052528,,1.7182539682539684,2.347826086956522
