metric,glm_mean,codex_mean,paper_mean,glm_median,codex_median
Summary_len_proxy,124.91103202846975,132.1067615658363,132.678,121.0,131.0
Redundancy_chunk_proxy,33.29704211550978,30.388379577229177,32.176,32.0655737704918,
Relevant_score,1.9274984829249298,2.3149126641976987,,1.7435897435897436,2.3461538461538463
