{
  "mode": "cot_v3b_scoregate_targeted_full_2019_2023",
  "firm_n": 150,
  "chunk_n": 2030,
  "text_len": {
    "n": 2030,
    "mean": 3761.8137931034485,
    "std": 565.0559115266418,
    "p25": 3808.0,
    "median": 3936.5,
    "p75": 3979.0,
    "min": 19.0,
    "max": 4000.0
  },
  "summary_len": {
    "n": 2030,
    "mean": 108.95172413793104,
    "std": 33.17933163567052,
    "p25": 91.0,
    "median": 112.0,
    "p75": 131.0,
    "min": 7.0,
    "max": 213.0
  },
  "redundancy_chunk": {
    "n": 2030,
    "mean": 41.53777343721633,
    "std": 33.17566916804207,
    "p25": 28.688966218329682,
    "median": 34.13897610326182,
    "p75": 41.79414261460102,
    "min": 1.6379310344827587,
    "max": 571.0
  },
  "relevant_score": {
    "n": 2030,
    "mean": 2.221551207679634,
    "std": 0.5377048939324224,
    "p25": 1.8842107963875203,
    "median": 2.2530792638748007,
    "p75": 2.6322835738068813,
    "min": 0.0,
    "max": 3.5535714285714284
  },
  "firm_redundancy": {
    "n": 150,
    "mean": 34.88190025711283,
    "std": 5.309711466921825,
    "p25": 31.72172001268519,
    "median": 34.428010208720764,
    "p75": 37.59008558957921,
    "min": 25.69811320754717,
    "max": 55.005181347150256
  },
  "panel_b_spearman": {
    "n": 2030,
    "rho": -0.6089818427781035,
    "p": 2.4770044099455437e-206
  },
  "panel_b_ols_hc1": {
    "n": 2030,
    "coef": -32.59310249453712,
    "t": -15.07073183732719,
    "p": 2.523027015372735e-51
  },
  "panel_b_ols_cluster": {
    "n": 2030,
    "coef": -32.59310249453712,
    "t": -10.642207763904654,
    "p": 1.8958313698570614e-26
  },
  "panel_b_low_high_by_median": {
    "median_score": 2.2530792638748007,
    "low_median_redundancy": 39.54545454545455,
    "high_median_redundancy": 30.234782608695653
  },
  "panel_b_low_high_by_2": {
    "low_lt_2_median_redundancy": 46.35285160575859,
    "high_ge_2_median_redundancy": 31.507872503840247
  },
  "panel_c_raw_hc1": {
    "n": 2030,
    "coef": 0.280841171002299,
    "t": 1.4832623759021393,
    "p": 0.13800471443046483
  },
  "panel_c_raw_cluster": {
    "n": 2030,
    "coef": 0.280841171002299,
    "t": 1.0231654585096783,
    "p": 0.30622962154360545
  },
  "panel_c_drop_p99_cluster": {
    "n": 2009,
    "coef": 0.31697223526313345,
    "t": 2.1826729356577483,
    "p": 0.029059904380581467
  },
  "panel_c_spearman": {
    "n": 2030,
    "rho": 0.10559435347208604,
    "p": 1.860514864709233e-06
  },
  "panel_d_all_union_hc1": {
    "n": 2030,
    "coef": -0.19709962350225135,
    "t": -12.078411598565214,
    "p": 1.3734732524031189e-33
  },
  "panel_d_all_union_cluster": {
    "n": 2030,
    "coef": -0.19709962350225135,
    "t": -7.976787652902495,
    "p": 1.5019088873965878e-15
  },
  "panel_d_all_union_spearman": {
    "n": 2030,
    "rho": -0.23835942076081854,
    "p": 1.2846371015274695e-27
  },
  "panel_d_without_target_hc1": {
    "n": 2030,
    "coef": -0.28118740345324084,
    "t": -8.070516123519903,
    "p": 7.000161875943997e-16
  },
  "panel_d_without_target_cluster": {
    "n": 2030,
    "coef": -0.28118740345324084,
    "t": -5.700877080402394,
    "p": 1.1919256211860656e-08
  },
  "panel_d_without_target_spearman": {
    "n": 2030,
    "rho": -0.15722130201465281,
    "p": 1.0509067535096106e-12
  }
}