{
  "mode": "cot_v3b_len132_tight",
  "firm_n": 150,
  "chunk_n": 2030,
  "text_len": {
    "n": 2030,
    "mean": 3761.8137931034485,
    "std": 565.0559115266418,
    "p25": 3808.0,
    "median": 3936.5,
    "p75": 3979.0,
    "min": 19.0,
    "max": 4000.0
  },
  "summary_len": {
    "n": 2030,
    "mean": 126.3704433497537,
    "std": 27.092501918929493,
    "p25": 110.25,
    "median": 126.0,
    "p75": 143.0,
    "min": 20.0,
    "max": 222.0
  },
  "redundancy_chunk": {
    "n": 2030,
    "mean": 31.325770938805153,
    "std": 9.593073055881954,
    "p25": 26.438925680647532,
    "median": 30.492336824664182,
    "p75": 34.98014671634839,
    "min": 0.95,
    "max": 83.31914893617021
  },
  "relevant_score": {
    "n": 2030,
    "mean": 2.2342202227319983,
    "std": 0.5724959957849807,
    "p25": 1.893327067669173,
    "median": 2.2962962962962963,
    "p75": 2.6271186440677967,
    "min": 0.0,
    "max": 3.787610619469026
  },
  "firm_redundancy": {
    "n": 150,
    "mean": 29.81226589853607,
    "std": 2.838732006745774,
    "p25": 27.77564926703596,
    "median": 29.66271197513696,
    "p75": 31.573328474987736,
    "min": 23.213947190250508,
    "max": 39.53265306122449
  },
  "panel_b_spearman": {
    "n": 2030,
    "rho": -0.5199794417545002,
    "p": 5.1606969762429465e-141
  },
  "panel_b_ols_hc1": {
    "n": 2030,
    "coef": -8.891213827064561,
    "t": -19.936694314562843,
    "p": 1.955692782404528e-88
  },
  "panel_b_ols_cluster": {
    "n": 2030,
    "coef": -8.891213827064561,
    "t": -16.161313922164908,
    "p": 9.452528252353979e-59
  },
  "panel_b_low_high_by_median": {
    "median_score": 2.2962962962962963,
    "low_median_redundancy": 33.42857142857143,
    "high_median_redundancy": 28.015625
  },
  "panel_b_low_high_by_2": {
    "low_lt_2_median_redundancy": 36.25714285714286,
    "high_ge_2_median_redundancy": 28.608695652173914
  },
  "panel_c_raw_hc1": {
    "n": 2030,
    "coef": 0.1636880524067052,
    "t": 2.887675099097018,
    "p": 0.0038810052567575964
  },
  "panel_c_raw_cluster": {
    "n": 2030,
    "coef": 0.1636880524067052,
    "t": 1.7687418897864011,
    "p": 0.0769369582164895
  },
  "panel_c_drop_p99_cluster": {
    "n": 2009,
    "coef": 0.16666202936477997,
    "t": 1.923103782785848,
    "p": 0.05446701738097331
  },
  "panel_c_spearman": {
    "n": 2030,
    "rho": 0.08172926926040078,
    "p": 0.0002275785350014301
  },
  "panel_d_all_union_hc1": {
    "n": 2030,
    "coef": -0.10657693111047012,
    "t": -17.49978292189338,
    "p": 1.4381624005478048e-68
  },
  "panel_d_all_union_cluster": {
    "n": 2030,
    "coef": -0.10657693111047012,
    "t": -13.861611705466816,
    "p": 1.0821680186760049e-43
  },
  "panel_d_all_union_spearman": {
    "n": 2030,
    "rho": -0.28733798316076603,
    "p": 6.9163440518934845e-40
  },
  "panel_d_without_target_hc1": {
    "n": 2030,
    "coef": -0.1536166453695087,
    "t": -10.636963341105904,
    "p": 2.0055944764433305e-26
  },
  "panel_d_without_target_cluster": {
    "n": 2030,
    "coef": -0.1536166453695087,
    "t": -6.897298878000002,
    "p": 5.300060013767752e-12
  },
  "panel_d_without_target_spearman": {
    "n": 2030,
    "rho": -0.22159956050725657,
    "p": 5.303013470308845e-24
  }
}