metric,glm_mean,codex_mean,paper_mean,glm_median,codex_median
Summary_len_proxy,122.5078369905956,125.6614420062696,132.678,121.0,128.0
Redundancy_chunk_proxy,33.00112499021058,31.286811546846632,32.176,31.75409836065574,
Relevant_score,2.1088455514699502,2.358361250436164,,1.8493150684931507,2.361111111111111
