{
  "run_dir": "results/siliconflow_glm4_32b_pilot50_20260707",
  "mode": "cot_v3b_len132_tight",
  "tokenizer": "THUDM/glm-4-9b-chat-hf",
  "firms": 50,
  "chunks": 821,
  "descriptives": {
    "Chunk_num": {
      "n": 821,
      "mean": 19.40438489646772,
      "std": 7.676202075910367,
      "p25": 14.0,
      "median": 18.0,
      "p75": 24.0,
      "min": 2.0,
      "max": 36.0
    },
    "Text_len": {
      "n": 821,
      "mean": 3797.4433617539585,
      "std": 545.2328889480495,
      "p25": 3883.0,
      "median": 3965.0,
      "p75": 3989.0,
      "min": 61.0,
      "max": 3999.0
    },
    "Summary_len_proxy": {
      "n": 821,
      "mean": 124.32521315468941,
      "std": 42.47849051231116,
      "p25": 102.0,
      "median": 120.0,
      "p75": 141.0,
      "min": 3.0,
      "max": 500.0
    },
    "Summary_len_glm4": {
      "n": 821,
      "mean": 143.0706455542022,
      "std": 50.532190930064644,
      "p25": 116.0,
      "median": 137.0,
      "p75": 164.0,
      "min": 3.0,
      "max": 589.0
    },
    "Redundancy_chunk_proxy": {
      "n": 821,
      "mean": 35.73109549916916,
      "std": 45.9059679736672,
      "p25": 26.64666666666667,
      "median": 31.992,
      "p75": 37.66981132075472,
      "min": 2.5245901639344264,
      "max": 1233.3333333333333
    },
    "Redundancy_chunk_glm4": {
      "n": 821,
      "mean": 31.362403451502576,
      "std": 45.14101715471201,
      "p25": 23.105882352941176,
      "median": 28.056338028169016,
      "p75": 32.892561983471076,
      "min": 2.2318840579710146,
      "max": 1233.3333333333333
    },
    "Relevant_score": {
      "n": 808,
      "mean": 2.074484975829873,
      "std": 0.9784655235720721,
      "p25": 1.5416666666666667,
      "median": 1.803225806451613,
      "p75": 2.161290322580645,
      "min": 0.0,
      "max": 4.586206896551724
    },
    "innovation_rate_all_union": {
      "n": 821,
      "mean": 34.286457336937275,
      "std": 24.633263137151758,
      "p25": 16.03206412825651,
      "median": 29.42655935613682,
      "p75": 47.84569138276553,
      "min": 0.0,
      "max": 140.66985645933013
    },
    "innovation_rate_without_target": {
      "n": 821,
      "mean": 15.586310598214387,
      "std": 11.26456899091146,
      "p25": 7.312614259597806,
      "median": 13.039117352056168,
      "p75": 21.455730581205867,
      "min": 0.0,
      "max": 65.07177033492823
    }
  },
  "firm_descriptives": {
    "lnN_tech": {
      "n": 50,
      "mean": 10.927058231808042,
      "std": 0.5451209233575225,
      "p25": 10.76794748729387,
      "median": 11.002859972278742,
      "p75": 11.187608205278961,
      "min": 8.798152718107191,
      "max": 11.83570437445944
    },
    "Redundancy_proxy": {
      "n": 50,
      "mean": 30.288615640668063,
      "std": 3.050724069572215,
      "p25": 28.244589554488424,
      "median": 30.729144158750998,
      "p75": 32.11852463726993,
      "min": 22.355721393034827,
      "max": 36.61421319796954
    },
    "Redundancy_glm4": {
      "n": 50,
      "mean": 26.35977751419448,
      "std": 2.6946629925889267,
      "p25": 24.806635501338302,
      "median": 26.679431645892727,
      "p75": 27.849165900406085,
      "min": 20.65977011494253,
      "max": 32.381769256643125
    }
  },
  "proxy": {
    "red_col": "Redundancy_chunk_proxy",
    "panel_b_spearman": {
      "n": 808,
      "rho": -0.09280669687494832,
      "p": 0.00829851272905863
    },
    "panel_b_hc1": {
      "n": 808,
      "coef": -3.6471228803049462,
      "t": -1.0648070497321738,
      "p": 0.28696325427970215
    },
    "panel_b_cluster": {
      "n": 808,
      "coef": -3.6471228803049462,
      "t": -1.2230040510589708,
      "p": 0.22132816621552898
    },
    "panel_b_low_high_by_median": {
      "median_score": 1.803225806451613,
      "low_n": 404,
      "high_n": 404,
      "low_median": 32.76544506164476,
      "high_median": 31.090711805555557
    },
    "panel_b_low_high_by_2": {
      "low_n": 500,
      "high_n": 308,
      "low_median": 31.959869918699187,
      "high_median": 31.90552380952381
    },
    "panel_c_spearman": {
      "n": 821,
      "rho": 0.10149104813156659,
      "p": 0.0036013326800486186
    },
    "panel_c_hc1": {
      "n": 821,
      "coef": 0.6717748630360261,
      "t": 1.7061027619677878,
      "p": 0.08798894843412138
    },
    "panel_c_cluster": {
      "n": 821,
      "coef": 0.6717748630360261,
      "t": 1.7409734363589877,
      "p": 0.08168823488522318
    },
    "panel_c_w99_cluster": {
      "n": 821,
      "coef": 0.2906093983750611,
      "t": 2.8063793557135206,
      "p": 0.005010166987919336
    },
    "panel_d_all_union_spearman": {
      "n": 821,
      "rho": -0.27952448689830606,
      "p": 3.343402713230133e-16
    },
    "panel_d_all_union_hc1": {
      "n": 821,
      "coef": -0.23902910552840367,
      "t": -4.1944819653158305,
      "p": 2.7349590937276745e-05
    },
    "panel_d_all_union_cluster": {
      "n": 821,
      "coef": -0.23902910552840367,
      "t": -3.527368236874686,
      "p": 0.0004197126024826389
    },
    "panel_d_without_target_spearman": {
      "n": 821,
      "rho": -0.23424470275891998,
      "p": 1.072747951705083e-11
    },
    "panel_d_without_target_hc1": {
      "n": 821,
      "coef": -0.3831099640792877,
      "t": -5.670651783540168,
      "p": 1.4225527373050687e-08
    },
    "panel_d_without_target_cluster": {
      "n": 821,
      "coef": -0.3831099640792877,
      "t": -3.632427805745029,
      "p": 0.00028076714107853776
    }
  },
  "glm4": {
    "red_col": "Redundancy_chunk_glm4",
    "panel_b_spearman": {
      "n": 808,
      "rho": -0.10489291112676738,
      "p": 0.0028335640782705556
    },
    "panel_b_hc1": {
      "n": 808,
      "coef": -3.878893432304053,
      "t": -1.1466464087587926,
      "p": 0.2515277877282912
    },
    "panel_b_cluster": {
      "n": 808,
      "coef": -3.878893432304053,
      "t": -1.2800925816460975,
      "p": 0.20051257734901884
    },
    "panel_b_low_high_by_median": {
      "median_score": 1.803225806451613,
      "low_n": 404,
      "high_n": 404,
      "low_median": 28.723021582733814,
      "high_median": 26.785234899328856
    },
    "panel_b_low_high_by_2": {
      "low_n": 500,
      "high_n": 308,
      "low_median": 28.15371318822023,
      "high_median": 27.0443817104776
    },
    "panel_c_spearman": {
      "n": 821,
      "rho": 0.10266627369178591,
      "p": 0.0032294430536152267
    },
    "panel_c_hc1": {
      "n": 821,
      "coef": 0.617024423947366,
      "t": 1.5674509269177461,
      "p": 0.1170093281317777
    },
    "panel_c_cluster": {
      "n": 821,
      "coef": 0.617024423947366,
      "t": 1.6477250686202953,
      "p": 0.09940910139776592
    },
    "panel_c_w99_cluster": {
      "n": 821,
      "coef": 0.2370397917867781,
      "t": 2.6916557503941756,
      "p": 0.007109829159080588
    },
    "panel_d_all_union_spearman": {
      "n": 821,
      "rho": -0.22355064244811287,
      "p": 9.306237831849838e-11
    },
    "panel_d_all_union_hc1": {
      "n": 821,
      "coef": -0.19552308525437273,
      "t": -3.532681440634061,
      "p": 0.0004113678347454604
    },
    "panel_d_all_union_cluster": {
      "n": 821,
      "coef": -0.19552308525437273,
      "t": -3.1616680459319992,
      "p": 0.0015686827682800824
    },
    "panel_d_without_target_spearman": {
      "n": 821,
      "rho": -0.19361803637362165,
      "p": 2.2407452778001587e-08
    },
    "panel_d_without_target_hc1": {
      "n": 821,
      "coef": -0.3035941812117341,
      "t": -5.099517225961962,
      "p": 3.405208805408455e-07
    },
    "panel_d_without_target_cluster": {
      "n": 821,
      "coef": -0.3035941812117341,
      "t": -3.3870659522789643,
      "p": 0.0007064440308381992
    }
  }
}