metric,glm_mean,codex_mean,paper_mean,glm_median,codex_median
Summary_len_proxy,128.55276381909547,133.21859296482413,132.678,123.0,133.0
Redundancy_chunk_proxy,32.80739102766819,29.807799350792095,32.176,31.133042279411764,
Relevant_score,2.088635027722403,2.3811291233795306,,1.8148148148148149,2.3732142857142855
