{
  "run_dir": "results/glm4_dewrap_join_pilot50_20260705",
  "mode": "cot_v3b_len132_tight",
  "tokenizer": "THUDM/glm-4-9b-chat-hf",
  "firms": 50,
  "chunks": 821,
  "descriptives": {
    "Chunk_num": {
      "n": 821,
      "mean": 19.40438489646772,
      "std": 7.676202075910367,
      "p25": 14.0,
      "median": 18.0,
      "p75": 24.0,
      "min": 2.0,
      "max": 36.0
    },
    "Text_len": {
      "n": 821,
      "mean": 3797.4433617539585,
      "std": 545.2328889480495,
      "p25": 3883.0,
      "median": 3965.0,
      "p75": 3989.0,
      "min": 61.0,
      "max": 3999.0
    },
    "Summary_len_proxy": {
      "n": 821,
      "mean": 130.6760048721072,
      "std": 30.142665193958848,
      "p25": 112.0,
      "median": 131.0,
      "p75": 150.0,
      "min": 26.0,
      "max": 231.0
    },
    "Summary_len_glm4": {
      "n": 821,
      "mean": 156.93666260657736,
      "std": 37.376931493537725,
      "p25": 134.0,
      "median": 158.0,
      "p75": 181.0,
      "min": 31.0,
      "max": 278.0
    },
    "Redundancy_chunk_proxy": {
      "n": 821,
      "mean": 30.837271599233507,
      "std": 10.10599056073155,
      "p25": 25.496774193548386,
      "median": 29.072992700729927,
      "p75": 34.10526315789474,
      "min": 1.855421686746988,
      "max": 97.1219512195122
    },
    "Redundancy_chunk_glm4": {
      "n": 821,
      "mean": 25.76978372306197,
      "std": 8.69303687995817,
      "p25": 21.216666666666665,
      "median": 24.263803680981596,
      "p75": 28.564285714285713,
      "min": 1.5714285714285714,
      "max": 75.30188679245283
    },
    "Relevant_score": {
      "n": 821,
      "mean": 2.326939897311813,
      "std": 0.5728144993952549,
      "p25": 2.0163934426229506,
      "median": 2.3626373626373627,
      "p75": 2.6458333333333335,
      "min": 0.5151515151515151,
      "max": 4.0
    },
    "innovation_rate_all_union": {
      "n": 821,
      "mean": 34.286457336937275,
      "std": 24.633263137151758,
      "p25": 16.03206412825651,
      "median": 29.42655935613682,
      "p75": 47.84569138276553,
      "min": 0.0,
      "max": 140.66985645933013
    },
    "innovation_rate_without_target": {
      "n": 821,
      "mean": 15.586310598214387,
      "std": 11.26456899091146,
      "p25": 7.312614259597806,
      "median": 13.039117352056168,
      "p75": 21.455730581205867,
      "min": 0.0,
      "max": 65.07177033492823
    }
  },
  "firm_descriptives": {
    "lnN_tech": {
      "n": 50,
      "mean": 10.927058231808042,
      "std": 0.5451209233575225,
      "p25": 10.76794748729387,
      "median": 11.002859972278742,
      "p75": 11.187608205278961,
      "min": 8.798152718107191,
      "max": 11.83570437445944
    },
    "Redundancy_proxy": {
      "n": 50,
      "mean": 28.750831620835747,
      "std": 2.7366811352385807,
      "p25": 27.007016773102503,
      "median": 29.015823354454934,
      "p75": 30.737771804752054,
      "min": 19.751648351648353,
      "max": 34.1144578313253
    },
    "Redundancy_glm4": {
      "n": 50,
      "mean": 23.976504361106848,
      "std": 2.329173808442553,
      "p25": 22.510397090831873,
      "median": 23.802346400776656,
      "p75": 25.556598593808136,
      "min": 16.520220588235293,
      "max": 29.40470372632865
    }
  },
  "proxy": {
    "red_col": "Redundancy_chunk_proxy",
    "panel_b_spearman": {
      "n": 821,
      "rho": -0.33472136730350605,
      "p": 6.07863545632948e-23
    },
    "panel_b_hc1": {
      "n": 821,
      "coef": -6.810479142771526,
      "t": -8.414301012148808,
      "p": 3.952445896987285e-17
    },
    "panel_b_cluster": {
      "n": 821,
      "coef": -6.810479142771526,
      "t": -6.421507612094023,
      "p": 1.3493126503727123e-10
    },
    "panel_b_low_high_by_median": {
      "median_score": 2.3626373626373627,
      "low_n": 411,
      "high_n": 410,
      "low_median": 31.055118110236222,
      "high_median": 27.638888888888886
    },
    "panel_b_low_high_by_2": {
      "low_n": 198,
      "high_n": 623,
      "low_median": 36.37651515151515,
      "high_median": 27.880281690140844
    },
    "panel_c_spearman": {
      "n": 821,
      "rho": 0.10192497610336113,
      "p": 0.0034597154481510713
    },
    "panel_c_hc1": {
      "n": 821,
      "coef": 0.15389454484968662,
      "t": 3.334403542037972,
      "p": 0.0008548254273600919
    },
    "panel_c_cluster": {
      "n": 821,
      "coef": 0.15389454484968662,
      "t": 3.3365794782481126,
      "p": 0.0008481617390595708
    },
    "panel_c_w99_cluster": {
      "n": 821,
      "coef": 0.15123012728086543,
      "t": 3.542022748444934,
      "p": 0.00039707122927647544
    },
    "panel_d_all_union_spearman": {
      "n": 821,
      "rho": -0.23490457316278343,
      "p": 9.355410659414773e-12
    },
    "panel_d_all_union_hc1": {
      "n": 821,
      "coef": -0.12521797738046672,
      "t": -8.87802934176257,
      "p": 6.80552888898906e-19
    },
    "panel_d_all_union_cluster": {
      "n": 821,
      "coef": -0.12521797738046672,
      "t": -5.8839025127857845,
      "p": 4.007039164576996e-09
    },
    "panel_d_without_target_spearman": {
      "n": 821,
      "rho": -0.1799978162440954,
      "p": 2.0793437235743614e-07
    },
    "panel_d_without_target_hc1": {
      "n": 821,
      "coef": -0.20201355800375542,
      "t": -6.062723615155146,
      "p": 1.3383554061076842e-09
    },
    "panel_d_without_target_cluster": {
      "n": 821,
      "coef": -0.20201355800375542,
      "t": -4.192305149191001,
      "p": 2.7613422540431475e-05
    }
  },
  "glm4": {
    "red_col": "Redundancy_chunk_glm4",
    "panel_b_spearman": {
      "n": 821,
      "rho": -0.3566372223695955,
      "p": 4.965718911994905e-26
    },
    "panel_b_hc1": {
      "n": 821,
      "coef": -6.413825614239005,
      "t": -8.987703360346076,
      "p": 2.524503294040855e-19
    },
    "panel_b_cluster": {
      "n": 821,
      "coef": -6.413825614239005,
      "t": -7.438656133499812,
      "p": 1.0171470805292122e-13
    },
    "panel_b_low_high_by_median": {
      "median_score": 2.3626373626373627,
      "low_n": 411,
      "high_n": 410,
      "low_median": 25.93421052631579,
      "high_median": 23.023121387283236
    },
    "panel_b_low_high_by_2": {
      "low_n": 198,
      "high_n": 623,
      "low_median": 30.62110980622431,
      "high_median": 23.11627906976744
    },
    "panel_c_spearman": {
      "n": 821,
      "rho": 0.08674409167044154,
      "p": 0.012904716658232205
    },
    "panel_c_hc1": {
      "n": 821,
      "coef": 0.10844703042980719,
      "t": 2.7431086335463153,
      "p": 0.006086054764806925
    },
    "panel_c_cluster": {
      "n": 821,
      "coef": 0.10844703042980719,
      "t": 2.4784865796741746,
      "p": 0.013194107456218428
    },
    "panel_c_w99_cluster": {
      "n": 821,
      "coef": 0.1082504026425185,
      "t": 2.545339105624844,
      "p": 0.01091716616567061
    },
    "panel_d_all_union_spearman": {
      "n": 821,
      "rho": -0.17845112363718155,
      "p": 2.650342784765437e-07
    },
    "panel_d_all_union_hc1": {
      "n": 821,
      "coef": -0.09201061875278364,
      "t": -7.698547951302678,
      "p": 1.3762109088486086e-14
    },
    "panel_d_all_union_cluster": {
      "n": 821,
      "coef": -0.09201061875278364,
      "t": -5.657934053357561,
      "p": 1.5320597760096287e-08
    },
    "panel_d_without_target_spearman": {
      "n": 821,
      "rho": -0.15486589856206115,
      "p": 8.290330611336903e-06
    },
    "panel_d_without_target_hc1": {
      "n": 821,
      "coef": -0.1509088222155983,
      "t": -5.310652535429851,
      "p": 1.0923341494671737e-07
    },
    "panel_d_without_target_cluster": {
      "n": 821,
      "coef": -0.1509088222155983,
      "t": -3.9144566613317804,
      "p": 9.060800966901134e-05
    }
  }
}