metric,glm_mean,codex_mean,paper_mean,glm_median,codex_median
Summary_len_proxy,124.4006734006734,121.27946127946127,132.678,122.0,120.0
Redundancy_chunk_proxy,33.74989692426076,32.77068077178179,32.176,31.06451612903226,
Relevant_score,2.067602472960296,2.411301270122695,,1.792597187758478,2.4743589743589745
