{
  "mode": "cot_v3b_scoregate_targeted_full_2019_2023",
  "firm_n": 100,
  "chunk_n": 1328,
  "text_len": {
    "n": 1328,
    "mean": 3769.909638554217,
    "std": 530.8192649619358,
    "p25": 3809.75,
    "median": 3936.0,
    "p75": 3979.0,
    "min": 95.0,
    "max": 4000.0
  },
  "summary_len": {
    "n": 1328,
    "mean": 109.01581325301204,
    "std": 33.54434094277857,
    "p25": 91.0,
    "median": 112.0,
    "p75": 131.0,
    "min": 7.0,
    "max": 213.0
  },
  "redundancy_chunk": {
    "n": 1328,
    "mean": 41.96130334395355,
    "std": 34.349866967950184,
    "p25": 28.565373134328357,
    "median": 34.05322427690849,
    "p75": 41.94860083256245,
    "min": 1.6379310344827587,
    "max": 571.0
  },
  "relevant_score": {
    "n": 1328,
    "mean": 2.225039614436629,
    "std": 0.5428228488927739,
    "p25": 1.8862012987012988,
    "median": 2.2593946894689463,
    "p75": 2.6362010542168672,
    "min": 0.3493449781659388,
    "max": 3.453488372093023
  },
  "firm_redundancy": {
    "n": 100,
    "mean": 34.9928831652737,
    "std": 5.669109785986854,
    "p25": 31.71437613542262,
    "median": 34.36695100907382,
    "p75": 37.6050878594457,
    "min": 25.69811320754717,
    "max": 55.005181347150256
  },
  "panel_b_spearman": {
    "n": 1328,
    "rho": -0.620287171168938,
    "p": 4.850741114065431e-142
  },
  "panel_b_ols_hc1": {
    "n": 1328,
    "coef": -33.69889563733486,
    "t": -12.53290919546463,
    "p": 4.931974788587821e-36
  },
  "panel_b_ols_cluster": {
    "n": 1328,
    "coef": -33.69889563733486,
    "t": -8.653974288907364,
    "p": 4.9736418586176135e-18
  },
  "panel_b_low_high_by_median": {
    "median_score": 2.2593946894689463,
    "low_median_redundancy": 39.87959595959596,
    "high_median_redundancy": 30.022556390977442
  },
  "panel_b_low_high_by_2": {
    "low_lt_2_median_redundancy": 47.96052631578947,
    "high_ge_2_median_redundancy": 31.338582677165356
  },
  "panel_c_raw_hc1": {
    "n": 1328,
    "coef": 0.23181007567146678,
    "t": 0.9936926583289672,
    "p": 0.3203725180814807
  },
  "panel_c_raw_cluster": {
    "n": 1328,
    "coef": 0.23181007567146678,
    "t": 0.6761523432209444,
    "p": 0.4989439265123612
  },
  "panel_c_drop_p99_cluster": {
    "n": 1314,
    "coef": 0.30069425842207914,
    "t": 1.6694334702046356,
    "p": 0.09503150509371511
  },
  "panel_c_spearman": {
    "n": 1328,
    "rho": 0.09635272996322333,
    "p": 0.0004378738665929079
  },
  "panel_d_all_union_hc1": {
    "n": 1328,
    "coef": -0.21805265741578372,
    "t": -10.262893507179546,
    "p": 1.0355634808564171e-24
  },
  "panel_d_all_union_cluster": {
    "n": 1328,
    "coef": -0.21805265741578372,
    "t": -6.241594087298171,
    "p": 4.331337715628017e-10
  },
  "panel_d_all_union_spearman": {
    "n": 1328,
    "rho": -0.2527027665694626,
    "p": 8.5637351295005e-21
  },
  "panel_d_without_target_hc1": {
    "n": 1328,
    "coef": -0.3465804662940721,
    "t": -7.284526420711931,
    "p": 3.2280221329708e-13
  },
  "panel_d_without_target_cluster": {
    "n": 1328,
    "coef": -0.3465804662940721,
    "t": -4.729667341636279,
    "p": 2.248880226149912e-06
  },
  "panel_d_without_target_spearman": {
    "n": 1328,
    "rho": -0.17741802917354416,
    "p": 7.462656751512012e-11
  }
}