{
  "mode": "cot_v3b_len132_tight",
  "firm_n": 100,
  "chunk_n": 1328,
  "text_len": {
    "n": 1328,
    "mean": 3769.909638554217,
    "std": 530.8192649619358,
    "p25": 3809.75,
    "median": 3936.0,
    "p75": 3979.0,
    "min": 95.0,
    "max": 4000.0
  },
  "summary_len": {
    "n": 1328,
    "mean": 126.58057228915662,
    "std": 27.023551351183247,
    "p25": 111.0,
    "median": 126.0,
    "p75": 143.0,
    "min": 43.0,
    "max": 222.0
  },
  "redundancy_chunk": {
    "n": 1328,
    "mean": 31.391560895655434,
    "std": 9.57138361823625,
    "p25": 26.442393736017895,
    "median": 30.448999999999998,
    "p75": 34.689732142857146,
    "min": 1.9,
    "max": 83.31914893617021
  },
  "relevant_score": {
    "n": 1328,
    "mean": 2.230127638244105,
    "std": 0.5704659907978628,
    "p25": 1.8888888888888888,
    "median": 2.2934057971014497,
    "p75": 2.6265959359827367,
    "min": 0.2046783625730994,
    "max": 3.775280898876405
  },
  "firm_redundancy": {
    "n": 100,
    "mean": 29.823107923362173,
    "std": 3.0479294414697877,
    "p25": 27.73978367924927,
    "median": 29.46169703792303,
    "p75": 31.831543607850488,
    "min": 23.213947190250508,
    "max": 39.53265306122449
  },
  "panel_b_spearman": {
    "n": 1328,
    "rho": -0.5349703511837935,
    "p": 3.430878620894733e-99
  },
  "panel_b_ols_hc1": {
    "n": 1328,
    "coef": -9.388750268606902,
    "t": -18.26015764752747,
    "p": 1.717944339679625e-74
  },
  "panel_b_ols_cluster": {
    "n": 1328,
    "coef": -9.388750268606902,
    "t": -15.26526670933291,
    "p": 1.3029400674488534e-52
  },
  "panel_b_low_high_by_median": {
    "median_score": 2.2934057971014497,
    "low_median_redundancy": 33.24583333333334,
    "high_median_redundancy": 28.06547619047619
  },
  "panel_b_low_high_by_2": {
    "low_lt_2_median_redundancy": 36.2512987012987,
    "high_ge_2_median_redundancy": 28.673895919760543
  },
  "panel_c_raw_hc1": {
    "n": 1328,
    "coef": 0.12751951307130455,
    "t": 1.9882081888382175,
    "p": 0.04678866970014005
  },
  "panel_c_raw_cluster": {
    "n": 1328,
    "coef": 0.12751951307130455,
    "t": 1.1305583037225255,
    "p": 0.25824104562961614
  },
  "panel_c_drop_p99_cluster": {
    "n": 1314,
    "coef": 0.13671142187201446,
    "t": 1.2907201169629199,
    "p": 0.19680074637117895
  },
  "panel_c_spearman": {
    "n": 1328,
    "rho": 0.08555075872031652,
    "p": 0.0018060294310341383
  },
  "panel_d_all_union_hc1": {
    "n": 1328,
    "coef": -0.11631073907204148,
    "t": -15.920972356385885,
    "p": 4.532775084093938e-57
  },
  "panel_d_all_union_cluster": {
    "n": 1328,
    "coef": -0.11631073907204148,
    "t": -13.134336958877858,
    "p": 2.0931678078625872e-39
  },
  "panel_d_all_union_spearman": {
    "n": 1328,
    "rho": -0.31631659928257516,
    "p": 3.0365270027541463e-32
  },
  "panel_d_without_target_hc1": {
    "n": 1328,
    "coef": -0.19902856860978657,
    "t": -12.11139122184777,
    "p": 9.192168574894843e-34
  },
  "panel_d_without_target_cluster": {
    "n": 1328,
    "coef": -0.19902856860978657,
    "t": -9.941872699967911,
    "p": 2.7363384325612597e-23
  },
  "panel_d_without_target_spearman": {
    "n": 1328,
    "rho": -0.25995769630301463,
    "p": 5.948084274095971e-22
  }
}