{
  "run_dir": "results/glm4_dewrap_join_full543_20260705",
  "mode": "cot_v3b_len132_tight",
  "tokenizer": "THUDM/glm-4-9b-chat-hf",
  "firms": 543,
  "chunks": 8706,
  "descriptives": {
    "Chunk_num": {
      "n": 8706,
      "mean": 17.485182632667126,
      "std": 5.10656781722013,
      "p25": 14.0,
      "median": 17.0,
      "p75": 20.0,
      "min": 2.0,
      "max": 36.0
    },
    "Text_len": {
      "n": 8706,
      "mean": 3793.173328738801,
      "std": 556.3844935868008,
      "p25": 3883.0,
      "median": 3967.0,
      "p75": 3987.0,
      "min": 40.0,
      "max": 3999.0
    },
    "Summary_len_proxy": {
      "n": 8706,
      "mean": 130.97507466115323,
      "std": 28.799577967744856,
      "p25": 114.0,
      "median": 132.0,
      "p75": 150.0,
      "min": 19.0,
      "max": 262.0
    },
    "Summary_len_glm4": {
      "n": 8706,
      "mean": 158.07190443372386,
      "std": 36.44401809160257,
      "p25": 136.0,
      "median": 158.0,
      "p75": 182.0,
      "min": 21.0,
      "max": 299.0
    },
    "Redundancy_chunk_proxy": {
      "n": 8706,
      "mean": 30.4683018033468,
      "std": 9.423369367528725,
      "p25": 25.500862068965517,
      "median": 29.294301994301996,
      "p75": 33.90436950642326,
      "min": 1.162162162162162,
      "max": 110.27777777777777
    },
    "Redundancy_chunk_glm4": {
      "n": 8706,
      "mean": 25.383236364150385,
      "std": 8.262875943543829,
      "p25": 20.978343399482313,
      "median": 24.270005821503737,
      "p75": 28.30496453900709,
      "min": 0.9347826086956522,
      "max": 96.82926829268293
    },
    "Relevant_score": {
      "n": 8706,
      "mean": 2.3100221336349445,
      "std": 0.5719247171432922,
      "p25": 2.0,
      "median": 2.3557438794726933,
      "p75": 2.653061224489796,
      "min": 0.0,
      "max": 5.0
    },
    "innovation_rate_all_union": {
      "n": 8706,
      "mean": 35.32733504232026,
      "std": 26.50666087347479,
      "p25": 16.446703253820722,
      "median": 29.03834970480778,
      "p75": 47.21838726418477,
      "min": 0.0,
      "max": 188.88888888888889
    },
    "innovation_rate_without_target": {
      "n": 8706,
      "mean": 16.194264822060223,
      "std": 12.15819642341285,
      "p25": 7.511737177516839,
      "median": 13.278216417801776,
      "p75": 21.587950950925237,
      "min": 0.0,
      "max": 98.11896288764615
    }
  },
  "firm_descriptives": {
    "lnN_tech": {
      "n": 543,
      "mean": 10.96610286164976,
      "std": 0.32868029572143953,
      "p25": 10.774631043951,
      "median": 10.978984733698187,
      "p75": 11.17493859404669,
      "min": 8.798152718107191,
      "max": 11.83570437445944
    },
    "Redundancy_proxy": {
      "n": 543,
      "mean": 28.94449329135104,
      "std": 2.174223819994331,
      "p25": 27.552095259903822,
      "median": 28.815161441272814,
      "p75": 30.493882820806697,
      "min": 19.751648351648353,
      "max": 38.09001636661211
    },
    "Redundancy_glm4": {
      "n": 543,
      "mean": 24.02461231610425,
      "std": 1.9015166747475218,
      "p25": 22.7510814339535,
      "median": 23.966949152542373,
      "p75": 25.25090296920815,
      "min": 16.520220588235293,
      "max": 32.219197046608215
    }
  },
  "proxy": {
    "red_col": "Redundancy_chunk_proxy",
    "panel_b_spearman": {
      "n": 8706,
      "rho": -0.4275749304524229,
      "p": 0.0
    },
    "panel_b_hc1": {
      "n": 8706,
      "coef": -7.496056896647266,
      "t": -31.36026117025387,
      "p": 7.050105893931625e-216
    },
    "panel_b_cluster": {
      "n": 8706,
      "coef": -7.496056896647266,
      "t": -23.877380918870212,
      "p": 5.2624285613433115e-126
    },
    "panel_b_low_high_by_median": {
      "median_score": 2.3557438794726933,
      "low_n": 4353,
      "high_n": 4353,
      "low_median": 31.693548387096776,
      "high_median": 27.273972602739725
    },
    "panel_b_low_high_by_2": {
      "low_n": 2143,
      "high_n": 6563,
      "low_median": 35.276785714285715,
      "high_median": 27.916083916083917
    },
    "panel_c_spearman": {
      "n": 8706,
      "rho": 0.06250681825648378,
      "p": 5.3108091887690114e-09
    },
    "panel_c_hc1": {
      "n": 8706,
      "coef": 0.13195657092973598,
      "t": 6.523480489908287,
      "p": 6.869435147718141e-11
    },
    "panel_c_cluster": {
      "n": 8706,
      "coef": 0.13195657092973598,
      "t": 5.537890116898348,
      "p": 3.061372252141914e-08
    },
    "panel_c_w99_cluster": {
      "n": 8706,
      "coef": 0.12318912471690611,
      "t": 5.451300353591544,
      "p": 5.000283581433015e-08
    },
    "panel_d_all_union_spearman": {
      "n": 8706,
      "rho": -0.22354978791720656,
      "p": 4.848393512269741e-99
    },
    "panel_d_all_union_hc1": {
      "n": 8706,
      "coef": -0.11255626638993131,
      "t": -31.736785680574986,
      "p": 4.832020562183855e-221
    },
    "panel_d_all_union_cluster": {
      "n": 8706,
      "coef": -0.11255626638993131,
      "t": -27.118270890176106,
      "p": 5.996180969568763e-162
    },
    "panel_d_without_target_spearman": {
      "n": 8706,
      "rho": -0.16900677416838358,
      "p": 8.519946852777382e-57
    },
    "panel_d_without_target_hc1": {
      "n": 8706,
      "coef": -0.17619402387245195,
      "t": -20.528304573391946,
      "p": 1.2029949737974404e-93
    },
    "panel_d_without_target_cluster": {
      "n": 8706,
      "coef": -0.17619402387245195,
      "t": -15.741034717731212,
      "p": 7.913894246436611e-56
    }
  },
  "glm4": {
    "red_col": "Redundancy_chunk_glm4",
    "panel_b_spearman": {
      "n": 8706,
      "rho": -0.43488488133882364,
      "p": 0.0
    },
    "panel_b_hc1": {
      "n": 8706,
      "coef": -6.951643911639286,
      "t": -33.1746077811189,
      "p": 2.5023342794298024e-241
    },
    "panel_b_cluster": {
      "n": 8706,
      "coef": -6.951643911639286,
      "t": -26.483502062848252,
      "p": 1.501447306896331e-154
    },
    "panel_b_low_high_by_median": {
      "median_score": 2.3557438794726933,
      "low_n": 4353,
      "high_n": 4353,
      "low_median": 26.29605263157895,
      "high_median": 22.55367231638418
    },
    "panel_b_low_high_by_2": {
      "low_n": 2143,
      "high_n": 6563,
      "low_median": 29.649253731343283,
      "high_median": 23.052325581395348
    },
    "panel_c_spearman": {
      "n": 8706,
      "rho": 0.04774547872487726,
      "p": 8.317694715821686e-06
    },
    "panel_c_hc1": {
      "n": 8706,
      "coef": 0.08962770512593801,
      "t": 5.1143164954624245,
      "p": 3.1487902541268163e-07
    },
    "panel_c_cluster": {
      "n": 8706,
      "coef": 0.08962770512593801,
      "t": 4.15752496024742,
      "p": 3.217141342940444e-05
    },
    "panel_c_w99_cluster": {
      "n": 8706,
      "coef": 0.0829795297206949,
      "t": 4.024995731020161,
      "p": 5.697634906764971e-05
    },
    "panel_d_all_union_spearman": {
      "n": 8706,
      "rho": -0.19131308835866906,
      "p": 1.4933346412371546e-72
    },
    "panel_d_all_union_hc1": {
      "n": 8706,
      "coef": -0.08857443497040599,
      "t": -29.209095969270926,
      "p": 1.4863575309180684e-187
    },
    "panel_d_all_union_cluster": {
      "n": 8706,
      "coef": -0.08857443497040599,
      "t": -25.693342845891355,
      "p": 1.387318559573204e-145
    },
    "panel_d_without_target_spearman": {
      "n": 8706,
      "rho": -0.15339676187378204,
      "p": 5.478530229002361e-47
    },
    "panel_d_without_target_hc1": {
      "n": 8706,
      "coef": -0.14151928393945845,
      "t": -19.323050290677166,
      "p": 3.4372641995168164e-83
    },
    "panel_d_without_target_cluster": {
      "n": 8706,
      "coef": -0.14151928393945845,
      "t": -15.125871411793785,
      "p": 1.0934357124388462e-51
    }
  }
}