{
  "run_dir": "results/glm4_dewrap_join_pilot5_20260705",
  "mode": "cot_v3b_len132_tight",
  "tokenizer": "THUDM/glm-4-9b-chat-hf",
  "firms": 5,
  "chunks": 78,
  "descriptives": {
    "Chunk_num": {
      "n": 78,
      "mean": 15.948717948717949,
      "std": 2.340481890093465,
      "p25": 13.0,
      "median": 16.0,
      "p75": 17.0,
      "min": 13.0,
      "max": 19.0
    },
    "Text_len": {
      "n": 78,
      "mean": 3819.7948717948716,
      "std": 530.4022330312429,
      "p25": 3896.75,
      "median": 3963.0,
      "p75": 3988.0,
      "min": 154.0,
      "max": 3999.0
    },
    "Summary_len_proxy": {
      "n": 78,
      "mean": 134.52564102564102,
      "std": 24.69277425145057,
      "p25": 117.25,
      "median": 133.0,
      "p75": 155.0,
      "min": 83.0,
      "max": 191.0
    },
    "Summary_len_glm4": {
      "n": 78,
      "mean": 162.78205128205127,
      "std": 33.09437407985828,
      "p25": 138.0,
      "median": 158.0,
      "p75": 189.5,
      "min": 91.0,
      "max": 243.0
    },
    "Redundancy_chunk_proxy": {
      "n": 78,
      "mean": 29.232215054487813,
      "std": 6.884486329960137,
      "p25": 25.54193548387097,
      "median": 28.51933772131231,
      "p75": 33.45168067226891,
      "min": 1.855421686746988,
      "max": 47.19047619047619
    },
    "Redundancy_chunk_glm4": {
      "n": 78,
      "mean": 24.368634546487524,
      "std": 6.259615798226065,
      "p25": 20.82718379718931,
      "median": 24.01278283867176,
      "p75": 28.39751172208014,
      "min": 1.5714285714285714,
      "max": 43.92307692307692
    },
    "Relevant_score": {
      "n": 78,
      "mean": 2.3911668895734897,
      "std": 0.5414180093042952,
      "p25": 2.0813492063492065,
      "median": 2.4574314574314577,
      "p75": 2.827990301724138,
      "min": 1.1829268292682926,
      "max": 3.526315789473684
    },
    "innovation_rate_all_union": {
      "n": 78,
      "mean": 32.62370092818286,
      "std": 19.936386667080757,
      "p25": 18.42557829093492,
      "median": 31.24204000342817,
      "p75": 43.669269729816236,
      "min": 0.0,
      "max": 101.46295422369042
    },
    "innovation_rate_without_target": {
      "n": 78,
      "mean": 14.610277786780784,
      "std": 10.019703948690276,
      "p25": 7.452906941419798,
      "median": 12.566010240271968,
      "p75": 19.806450528698758,
      "min": 0.0,
      "max": 47.49612803304078
    }
  },
  "firm_descriptives": {
    "lnN_tech": {
      "n": 5,
      "mean": 10.985472182433266,
      "std": 0.15647824660509843,
      "p25": 10.832615533211776,
      "median": 11.019055281853651,
      "p75": 11.054755540430035,
      "min": 10.82689291529569,
      "max": 11.194041641375183
    },
    "Redundancy_proxy": {
      "n": 5,
      "mean": 28.432488092254182,
      "std": 1.7757078064682652,
      "p25": 27.35186015239803,
      "median": 28.539458186101296,
      "p75": 30.108799048751486,
      "min": 26.03464322647363,
      "max": 30.12767984754645
    },
    "Redundancy_glm4": {
      "n": 5,
      "mean": 23.468666855865948,
      "std": 1.5142895970785981,
      "p25": 23.531887342181935,
      "median": 23.569718037852454,
      "p75": 24.3827636013481,
      "min": 20.962114904246462,
      "max": 24.896850393700788
    }
  },
  "proxy": {
    "red_col": "Redundancy_chunk_proxy",
    "panel_b_spearman": {
      "n": 78,
      "rho": -0.15970105843523563,
      "p": 0.1625183291277272
    },
    "panel_b_hc1": {
      "n": 78,
      "coef": -3.362213462604751,
      "t": -1.9924740489987418,
      "p": 0.04631906976683467
    },
    "panel_b_cluster": {
      "n": 78,
      "coef": -3.362213462604751,
      "t": -3.9246125662056697,
      "p": 8.686943231045502e-05
    },
    "panel_b_low_high_by_median": {
      "median_score": 2.4574314574314577,
      "low_n": 39,
      "high_n": 39,
      "low_median": 29.375,
      "high_median": 27.595744680851062
    },
    "panel_b_low_high_by_2": {
      "low_n": 19,
      "high_n": 59,
      "low_median": 32.16129032258065,
      "high_median": 27.517241379310345
    },
    "panel_c_spearman": {
      "n": 78,
      "rho": 0.08589098120799893,
      "p": 0.4546382677721409
    },
    "panel_c_hc1": {
      "n": 78,
      "coef": 0.2198726612638204,
      "t": 0.7964534601706846,
      "p": 0.42576851584851627
    },
    "panel_c_cluster": {
      "n": 78,
      "coef": 0.2198726612638204,
      "t": 0.6853360706287382,
      "p": 0.49313187515573587
    },
    "panel_c_w99_cluster": {
      "n": 78,
      "coef": 0.23550754330464815,
      "t": 0.7138313523522593,
      "p": 0.47533147018298594
    },
    "panel_d_all_union_spearman": {
      "n": 78,
      "rho": -0.31301609782622436,
      "p": 0.005265293918027787
    },
    "panel_d_all_union_hc1": {
      "n": 78,
      "coef": -0.10319143864282225,
      "t": -2.131867313966978,
      "p": 0.03301775594672818
    },
    "panel_d_all_union_cluster": {
      "n": 78,
      "coef": -0.10319143864282225,
      "t": -1.7538192067844764,
      "p": 0.07946149090372627
    },
    "panel_d_without_target_spearman": {
      "n": 78,
      "rho": -0.2173649135674452,
      "p": 0.05592173449744809
    },
    "panel_d_without_target_hc1": {
      "n": 78,
      "coef": -0.17850835669474047,
      "t": -2.003856200812501,
      "p": 0.0450854665065741
    },
    "panel_d_without_target_cluster": {
      "n": 78,
      "coef": -0.17850835669474047,
      "t": -1.9926003804246735,
      "p": 0.04630522350640002
    }
  },
  "glm4": {
    "red_col": "Redundancy_chunk_glm4",
    "panel_b_spearman": {
      "n": 78,
      "rho": -0.17619089770988502,
      "p": 0.12281831098751847
    },
    "panel_b_hc1": {
      "n": 78,
      "coef": -3.776707895201822,
      "t": -2.4644514630460055,
      "p": 0.013722314750531206
    },
    "panel_b_cluster": {
      "n": 78,
      "coef": -3.776707895201822,
      "t": -5.488945973420566,
      "p": 4.043392634827326e-08
    },
    "panel_b_low_high_by_median": {
      "median_score": 2.4574314574314577,
      "low_n": 39,
      "high_n": 39,
      "low_median": 24.271604938271604,
      "high_median": 23.87116564417178
    },
    "panel_b_low_high_by_2": {
      "low_n": 19,
      "high_n": 59,
      "low_median": 27.383561643835616,
      "high_median": 23.11627906976744
    },
    "panel_c_spearman": {
      "n": 78,
      "rho": 0.13546616962855715,
      "p": 0.23698792354757195
    },
    "panel_c_hc1": {
      "n": 78,
      "coef": 0.337858781075507,
      "t": 1.2179910609762785,
      "p": 0.22322736969674306
    },
    "panel_c_cluster": {
      "n": 78,
      "coef": 0.337858781075507,
      "t": 1.1935907864546773,
      "p": 0.2326380798122899
    },
    "panel_c_w99_cluster": {
      "n": 78,
      "coef": 0.31354430559954666,
      "t": 1.0420408697340096,
      "p": 0.29739273100878716
    },
    "panel_d_all_union_spearman": {
      "n": 78,
      "rho": -0.32391658973937454,
      "p": 0.003815821550887338
    },
    "panel_d_all_union_hc1": {
      "n": 78,
      "coef": -0.10077096583290282,
      "t": -2.399060105481418,
      "p": 0.016437216351324554
    },
    "panel_d_all_union_cluster": {
      "n": 78,
      "coef": -0.10077096583290282,
      "t": -1.7701362175607505,
      "p": 0.07670445147190638
    },
    "panel_d_without_target_spearman": {
      "n": 78,
      "rho": -0.2652410880258981,
      "p": 0.018928822508300396
    },
    "panel_d_without_target_hc1": {
      "n": 78,
      "coef": -0.1962970362369999,
      "t": -2.5551175702141817,
      "p": 0.010615193638901767
    },
    "panel_d_without_target_cluster": {
      "n": 78,
      "coef": -0.1962970362369999,
      "t": -2.198801717762029,
      "p": 0.027892024316156856
    }
  }
}